{
  "n_episodes": 500,
  "results": {
    "random": {
      "success_rate": 0.252,
      "success_ci": 0.03805591238165234,
      "catastrophic_rate": 0.62,
      "avg_miss": 0.7654160273456574,
      "std_miss": 0.5193983099925253
    },
    "mppi": {
      "success_rate": 0.19,
      "success_ci": 0.034386690448486024,
      "catastrophic_rate": 0.7,
      "avg_miss": 0.8497703652807367,
      "std_miss": 0.5249013453385707
    }
  },
  "action_influence_checkpoint": 1.6764566898345947
}