{
  "results": {
    "random": {
      "success_rate": 0.25666666666666665,
      "catastrophic_rate": 0.62,
      "avg_miss": 0.7804013888581595
    },
    "mppi": {
      "success_rate": 0.16666666666666666,
      "catastrophic_rate": 0.7133333333333334,
      "avg_miss": 0.8327121981275121
    }
  },
  "improvement": -0.09
}