{
  "config": {
    "n_seeds": 3,
    "train_epochs": 100,
    "n_episodes": 200,
    "max_steps": 30,
    "horizon": 10,
    "n_samples": 64,
    "x_target": 2.0,
    "tau_catastrophic": 0.5,
    "v_max": 2.0,
    "tau_success": 0.3,
    "dt": 0.05,
    "restitution": 0.8
  },
  "seeds": [
    {
      "action_influence": 1.674572189648946,
      "random_success_rate": 0.225,
      "random_catastrophic_rate": 0.64,
      "random_avg_miss": 0.7766226071625948,
      "random_std_miss": 0.5037404271629835,
      "mppi_success_rate": 0.245,
      "mppi_catastrophic_rate": 0.61,
      "mppi_avg_miss": 0.7485073703325585,
      "mppi_std_miss": 0.5191308689390616
    },
    {
      "action_influence": 0.0006613035996754965,
      "random_success_rate": 0.175,
      "random_catastrophic_rate": 0.685,
      "random_avg_miss": 0.9479045962280034,
      "random_std_miss": 0.5974572503402317,
      "mppi_success_rate": 0.185,
      "mppi_catastrophic_rate": 0.655,
      "mppi_avg_miss": 0.7776855887117782,
      "mppi_std_miss": 0.5107227583720074
    },
    {
      "action_influence": 0.5973309874534607,
      "random_success_rate": 0.21,
      "random_catastrophic_rate": 0.665,
      "random_avg_miss": 0.8028030089437962,
      "random_std_miss": 0.5092567237043478,
      "mppi_success_rate": 0.2,
      "mppi_catastrophic_rate": 0.655,
      "mppi_avg_miss": 0.7907832471095142,
      "mppi_std_miss": 0.5173127577583055
    }
  ],
  "aggregated": {
    "action_influence": {
      "mean": 0.7575214935673608,
      "ci_lo": -0.20250520874769384,
      "ci_hi": 1.7175481958824155
    },
    "random_success": {
      "mean": 0.20333333333333334
    },
    "mppi_success": {
      "mean": 0.21
    },
    "improvement": {
      "mean": 0.006666666666666672,
      "ci_lo": -0.010618908565621973,
      "ci_hi": 0.023952241898955316
    }
  }
}