{
  "env_id": "Hopper-v4",
  "seed": 789,
  "oracle": {
    "method": "Oracle",
    "n_episodes": 50,
    "reward_mean": 1127.7879871655746,
    "reward_std": 90.48254203441512,
    "reward_median": 1109.5655158866257,
    "reward_ci_95_lower": 1107.089507333402,
    "reward_ci_95_upper": 1156.4313981173477,
    "reward_min": 1066.080120974646,
    "reward_max": 1572.4280640487254,
    "rewards_raw": [
      1104.4878864880973,
      1088.195870499595,
      1071.6159120530615,
      1107.7203449035244,
      1086.9616365009845,
      1093.5669868427913,
      1123.1399765922522,
      1113.2338396339762,
      1107.2991517659061,
      1109.7408509200118,
      1114.4730014351314,
      1121.1704757317589,
      1106.0217241258872,
      1129.2399485669691,
      1114.5812789168995,
      1523.6606727205549,
      1080.5616140050208,
      1137.5310213115788,
      1122.2250087674067,
      1109.503202932626,
      1099.7498508404735,
      1117.5505443058375,
      1089.6227900370886,
      1112.8828786726128,
      1137.3169809047681,
      1118.7177529584196,
      1094.9553954732003,
      1121.2857140764525,
      1091.1661012367688,
      1113.9172944493419,
      1088.5820738343734,
      1572.4280640487254,
      1109.6278288406254,
      1102.6273442325141,
      1097.7149421992276,
      1103.5439280142393,
      1235.4529153124606,
      1140.1696123887068,
      1144.353766827853,
      1066.080120974646,
      1108.3784898223032,
      1089.2073942393495,
      1087.4607963868748,
      1111.2616173190702,
      1119.658051819967,
      1124.6961686720888,
      1096.3083851610413,
      1076.0687435431985,
      1148.9369953575754,
      1104.746411614892
    ]
  },
  "sma_3": {
    "method": "Smoothed Oracle (sma)",
    "n_episodes": 50,
    "reward_mean": 1143.4656127160313,
    "reward_std": 246.01262574759812,
    "reward_median": 1039.7689907016022,
    "reward_ci_95_lower": 1078.968076403177,
    "reward_ci_95_upper": 1213.5570880681528,
    "reward_min": 806.496570348558,
    "reward_max": 1974.3358762088412,
    "rewards_raw": [
      1110.6330448233143,
      1372.8726406088877,
      1374.4106957307054,
      1525.634758544666,
      952.3653251556044,
      843.5502543137022,
      1014.0351309298476,
      1026.840738689161,
      1030.5430429509192,
      1079.7626212863138,
      1392.3599662174477,
      1039.630481666733,
      1024.7053816482833,
      1034.8776213319638,
      1029.4351913484022,
      1494.6808348012187,
      1039.111802346415,
      1024.7128000755479,
      901.4629701355159,
      1974.3358762088412,
      1085.8745126499841,
      992.2817838571942,
      1037.0405901876877,
      1254.9565223693269,
      1085.3272772225084,
      1025.532968176906,
      814.8865892143342,
      1086.2161855405595,
      1648.55869572201,
      1145.9951406019836,
      1078.7142507279066,
      1723.6900364673256,
      806.496570348558,
      1055.134986955688,
      1400.81738897905,
      1063.0633717872156,
      1039.9074997364714,
      927.3156644805993,
      975.8645683505003,
      1157.7564056272083,
      1037.4806647193955,
      1298.397106330663,
      1022.6954869997086,
      1025.596322318799,
      1413.482492866487,
      1637.7827838011262,
      1002.1667988272937,
      896.7938027243626,
      1119.838512749906,
      1027.654476647314
    ]
  },
  "sma_5": {
    "method": "Smoothed Oracle (sma)",
    "n_episodes": 50,
    "reward_mean": 812.0429866760174,
    "reward_std": 125.24528057592995,
    "reward_median": 773.4041752102457,
    "reward_ci_95_lower": 778.090746033465,
    "reward_ci_95_upper": 847.4255433009281,
    "reward_min": 634.4073742490006,
    "reward_max": 1025.9336082931047,
    "rewards_raw": [
      642.0174037164766,
      727.922800838483,
      718.0456827633365,
      750.7494511263903,
      932.7935715301826,
      691.2360194588143,
      771.2116869021692,
      753.6140852629417,
      877.9312590304912,
      698.1277450393633,
      654.5663517868303,
      726.9282924303509,
      1025.9336082931047,
      793.3872361548965,
      995.2667973822106,
      639.3021289110167,
      710.6902226065105,
      757.8784561910012,
      980.6061381884678,
      715.265511745349,
      919.5577076576749,
      765.4401010497446,
      976.9634997129732,
      775.0714187282076,
      874.2436257319383,
      975.8999684084617,
      989.3077314548373,
      780.3231989328505,
      634.4073742490006,
      1021.6756013506185,
      953.921244543913,
      669.6481907693914,
      788.151330067191,
      771.736931692284,
      734.2729283870464,
      652.1882093619735,
      1003.4285403064628,
      739.635121335052,
      718.1748408727435,
      978.5253682609524,
      869.7756746646387,
      717.2819806969877,
      978.0501439805932,
      808.8773702299503,
      735.5716457743756,
      1007.2219320772343,
      642.6797847820519,
      783.6430973493694,
      981.3599087255592,
      791.6404132884068
    ]
  },
  "ema_0.5": {
    "method": "Smoothed Oracle (ema)",
    "n_episodes": 50,
    "reward_mean": 1294.66936576653,
    "reward_std": 612.2516255120156,
    "reward_median": 1042.4494251888095,
    "reward_ci_95_lower": 1145.1114303176746,
    "reward_ci_95_upper": 1474.0109030334966,
    "reward_min": 1013.2574190183492,
    "reward_max": 3427.9982634493717,
    "rewards_raw": [
      1047.7242518379564,
      2582.257894737179,
      1018.1645242800921,
      1019.0216774900022,
      1041.0344176525398,
      1043.7685858066982,
      1013.2574190183492,
      1055.862311482575,
      1094.7366600335483,
      1038.7954748729398,
      1052.8663996982864,
      1025.6063039319681,
      1032.2506042392529,
      1039.0581082357746,
      1037.4582905758573,
      1204.2545518235274,
      1039.4699895042222,
      1015.1834332034327,
      1108.3375385213135,
      1030.2959807397756,
      2761.1828965752934,
      1048.4080161352952,
      1730.0322836685234,
      1031.847020005802,
      1041.1312908487132,
      1029.462814466111,
      1208.5994681095165,
      1041.6651272253869,
      1035.9683903381472,
      3427.9982634493717,
      1044.2809624346726,
      1040.5367086991223,
      1038.61049986872,
      1038.5844040025459,
      1843.6207750143594,
      1057.0945930549633,
      3230.2001258808923,
      1023.4933441267548,
      1043.4852935716538,
      1110.420375364023,
      1029.0263809461567,
      1043.2337231522322,
      1350.2379063819299,
      1101.5867021946626,
      1032.7014901629868,
      3068.2032633211434,
      1023.278518252914,
      1033.1858178580019,
      1641.5764674408213,
      1044.410948090499
    ]
  },
  "ema_0.2": {
    "method": "Smoothed Oracle (ema)",
    "n_episodes": 50,
    "reward_mean": 6.441948736401415,
    "reward_std": 0.06664595238597837,
    "reward_median": 6.441688918002441,
    "reward_ci_95_lower": 6.423981828473388,
    "reward_ci_95_upper": 6.460304566354626,
    "reward_min": 6.282610995285934,
    "reward_max": 6.581678045758333,