{
  "env_id": "Hopper-v4",
  "seed": 123,
  "oracle": {
    "method": "Oracle",
    "n_episodes": 50,
    "reward_mean": 1106.0912954764333,
    "reward_std": 16.741296243797535,
    "reward_median": 1107.0194721533962,
    "reward_ci_95_lower": 1101.6211006085418,
    "reward_ci_95_upper": 1110.7766743790357,
    "reward_min": 1073.3113602811152,
    "reward_max": 1158.4796103760432,
    "rewards_raw": [
      1114.2986876617301,
      1084.8248760680729,
      1115.4642778801392,
      1073.743645206245,
      1094.2977731899728,
      1112.4210532188183,
      1104.505208264501,
      1121.4868123237018,
      1086.3479809070302,
      1113.5857319689444,
      1112.722738383957,
      1097.7723084725371,
      1092.8344006516743,
      1110.0848478137407,
      1089.4552097562585,
      1102.1519534674173,
      1096.779597340036,
      1112.9858225393587,
      1097.6862731766996,
      1123.7370879248517,
      1116.4098144364584,
      1108.9707279281672,
      1112.7949559134295,
      1107.1504172386094,
      1106.8885270681828,
      1118.3414617049552,
      1094.809597658112,
      1091.9022314803806,
      1096.0306007117426,
      1104.805022496143,
      1090.9613794213892,
      1139.1985911971967,
      1111.8282483516468,
      1119.5001828464806,
      1111.3663936727116,
      1106.4153956708915,
      1087.832881350361,
      1114.6895398951744,
      1097.917837667904,
      1112.8322943933588,
      1158.4796103760432,
      1108.8066684714383,
      1108.3349181565334,
      1155.2000512497893,
      1080.7191186828231,
      1106.2219210788894,
      1088.9531846102493,
      1114.7683738636456,
      1101.9371797321585,
      1073.3113602811152
    ]
  },
  "sma_3": {
    "method": "Smoothed Oracle (sma)",
    "n_episodes": 50,
    "reward_mean": 1111.3013001334336,
    "reward_std": 277.34177251764714,
    "reward_median": 1023.5606083798301,
    "reward_ci_95_lower": 1042.177040771521,
    "reward_ci_95_upper": 1192.1429807915113,
    "reward_min": 832.2417438146988,
    "reward_max": 1926.4690643944323,
    "rewards_raw": [
      1020.465909637189,
      908.1868007960387,
      1094.1298881774226,
      915.7594675939731,
      1023.2066716010228,
      1926.4690643944323,
      1070.6309548523066,
      1018.9665040016116,
      1370.242124031195,
      832.2417438146988,
      1015.7052910785095,
      930.6946632259264,
      1662.4766733268718,
      1054.541216592258,
      1023.9145451586375,
      1004.4729191612249,
      873.6313341404137,
      1074.024181616796,
      1461.2538975440941,
      1088.1273708795827,
      951.4186335309637,
      1039.4747904172416,
      998.8204200303496,
      1027.1274656395533,
      1017.4788549599677,
      912.9406847262618,
      1022.4292045204585,
      1894.1137228531713,
      1027.6551516602824,
      1034.9176165980007,
      1026.717586206005,
      1052.0847405684633,
      998.1054771705967,
      1035.1528172581425,
      1889.2546032748503,
      985.946280554627,
      877.6924463426606,
      975.0246777379903,
      947.1593027825987,
      1020.4909134113991,
      1032.5897282424198,
      1648.5105655989412,
      969.3388263164474,
      1032.0711430170552,
      1066.0326628321423,
      1027.8810542502438,
      925.0139009799377,
      983.5544814280396,
      1014.7331520004697,
      1762.1928801381994
    ]
  },
  "sma_5": {
    "method": "Smoothed Oracle (sma)",
    "n_episodes": 50,
    "reward_mean": 810.2486344852489,
    "reward_std": 114.27904974486005,
    "reward_median": 779.6424053994222,
    "reward_ci_95_lower": 779.5546843981898,
    "reward_ci_95_upper": 841.7378042647979,
    "reward_min": 633.8532744234881,
    "reward_max": 1071.9566655068566,
    "rewards_raw": [
      718.4580534856613,
      738.65816666984,
      683.0513861389143,
      729.7199703899452,
      867.9857599561763,
      635.5539615671283,
      860.2554742404661,
      986.9112089936845,
      670.5487012837452,
      919.5574799250146,
      774.8252141441803,
      789.8046271138787,
      792.8392599321377,
      1071.9566655068566,
      813.4349214596697,
      968.3678337654653,
      939.9303935310659,
      719.9931613876494,
      633.8532744234881,
      1041.41426654729,
      934.6867554277493,
      712.5546004855759,
      687.1495900169379,
      768.1246277081813,
      769.0043652477434,
      784.459596654664,
      959.1797758885525,
      693.5328757381732,
      728.0886463798682,
      995.2810697163238,
      860.263532447248,
      797.1259288254201,
      842.9190867276066,
      716.1118396204483,
      926.0295146996433,
      773.8005105277506,
      939.1019243584551,
      982.6905858265085,
      708.9414503068018,
      760.6812110101241,
      758.2928174923996,
      718.1064946341814,
      835.0432260576906,
      748.4782786438739,
      717.1608376802136,
      962.7051689749967,
      683.2136303040717,
      680.3947879388729,
      795.0706552054994,
      917.1185592546134
    ]
  },
  "ema_0.5": {
    "method": "Smoothed Oracle (ema)",
    "n_episodes": 50,
    "reward_mean": 1246.7974360795915,
    "reward_std": 423.988379708763,
    "reward_median": 1041.6367108892914,
    "reward_ci_95_lower": 1140.61896723031,
    "reward_ci_95_upper": 1373.1003132253552,
    "reward_min": 1011.6516358133122,
    "reward_max": 2701.7417177863035,
    "rewards_raw": [
      1028.41994242613,
      1038.259151387993,
      1035.389530760237,
      2542.739923736288,
      2222.941563198941,
      1033.3097981425258,
      1216.0266534479915,
      1096.3020587574347,
      1037.5252141649662,
      1036.6421141440796,
      1039.4342817496918,
      1027.5811431023762,
      1041.1628648787973,
      2701.7417177863035,
      1057.09040028086,
      1152.5810913361968,
      1041.6008034270303,
      1038.535583516052,
      1974.4609033623908,
      1426.625414338276,
      1080.0057654137693,
      1038.9641175598615,
      1031.1347805988203,
      1041.6726183515527,
      1045.9800900572789,
      1030.4789151105886,
      1084.4405308040896,
      1995.3683662009553,
      1037.2182113503459,
      1271.2938328794653,
      1011.6516358133122,
      1060.7652746605766,
      1766.5746452562903,
      1043.3813873757329,
      1625.4703982845265,
      1029.1723287966086,
      1039.5909234229355,
      1041.38397138297,
      1045.6157926982542,
      1029.0610290659458,
      1125.9544915736572,
      1032.210460408032,
      1037.2862231691963,
      1036.357855894341,
      1024.4169000675581,
      1105.7000057389942,
      1047.3137983895792,
      1560.87826388562,
      1038.029002343953,
      2194.1300334802013
    ]
  },
  "ema_0.2": {
    "method": "Smoothed Oracle (ema)",
    "n_episodes": 50,
    "reward_mean": 6.436335832156361,
    "reward_std": 0.07809621114382381,
    "reward_median": 6.424568890433024,
    "reward_ci_95_lower": 6.415314882259704,
    "reward_ci_95_upper": 6.458332779812555,
    "reward_min": 6.2941362856593,
    "reward_max": 6.631618870857251,