{
  "env_id": "Hopper-v4",
  "seed": 1024,
  "oracle": {
    "method": "Oracle",
    "n_episodes": 50,
    "reward_mean": 1107.8578596997127,
    "reward_std": 48.26392540521362,
    "reward_median": 1103.5999656773956,
    "reward_ci_95_lower": 1097.3315313300106,
    "reward_ci_95_upper": 1123.4496706318748,
    "reward_min": 1062.2342307812557,
    "reward_max": 1404.940153884756,
    "rewards_raw": [
      1092.4590601378293,
      1123.5466267124953,
      1094.6230865793475,
      1081.9472740616452,
      1118.9877252141166,
      1123.5599850066938,
      1143.581669071799,
      1093.4050581524295,
      1103.062605729695,
      1094.4201915554963,
      1074.4154696507248,
      1095.2638760576142,
      1404.940153884756,
      1110.0690439668294,
      1186.2203199188755,
      1107.2362869160056,
      1091.9774334053325,
      1114.0267388058608,
      1075.7276883514241,
      1104.8926080051283,
      1112.0716364184054,
      1071.5444448248572,
      1109.6505478455942,
      1100.735204608203,
      1104.1373256250963,
      1064.3931796811655,
      1089.633714985863,
      1067.0064676997085,
      1092.422938570845,
      1112.5970032338994,
      1110.9339627244503,
      1121.6136408353168,
      1145.5188061238273,
      1092.1375395399584,
      1107.3683812699007,
      1098.2550212212775,
      1113.9072718303423,
      1089.2337986685375,
      1097.2301560035596,
      1115.8885016758554,
      1062.2342307812557,
      1115.2023713086173,
      1078.1659446280241,
      1066.8034543941562,
      1117.3003177385772,
      1108.3543933514798,
      1090.761417630741,
      1084.2943121244416,
      1112.8830799175068,
      1106.251018540066
    ]
  },
  "sma_3": {
    "method": "Smoothed Oracle (sma)",
    "n_episodes": 50,
    "reward_mean": 1203.3422375781865,
    "reward_std": 306.54519560956885,
    "reward_median": 1044.5012577844986,
    "reward_ci_95_lower": 1123.3776575101126,
    "reward_ci_95_upper": 1290.4185270601092,
    "reward_min": 891.4154220365165,
    "reward_max": 2023.3037032765922,
    "rewards_raw": [
      1051.2356696678164,
      1206.905389488249,
      1405.0546151748265,
      1315.1313561722611,
      923.136228213584,
      1027.4570201187817,
      1030.9428279279362,
      1085.6117786122973,
      1020.2461972763867,
      1760.671310129359,
      1188.1293719040825,
      1388.9248314931165,
      1689.909222802377,
      1281.3647078763004,
      1028.8416298970674,
      1692.3733887638455,
      914.7336465282154,
      891.4154220365165,
      914.6576715424426,
      1030.824850664357,
      1059.2164707497373,
      1022.1437215432182,
      1653.756958648634,
      1023.6181542656541,
      1088.0784182591478,
      908.3498677980043,
      1416.4729699550298,
      1037.7668459011811,
      1012.3683389687023,
      1890.886002392273,
      900.6252261595251,
      1068.8452073708806,
      1023.3976767936571,
      1344.7737417130722,
      1028.122798368168,
      1180.775579509239,
      1618.2735560284016,
      1728.482067239455,
      1035.7401412352206,
      2023.3037032765922,
      1091.0079700688318,
      1025.3156246603917,
      1421.282943904947,
      924.1939528665968,
      988.224941947978,
      912.0082997785856,
      987.5656768649729,
      1011.2779814112578,
      1879.5621911248613,
      1014.1077138152925
    ]
  },
  "sma_5": {
    "method": "Smoothed Oracle (sma)",
    "n_episodes": 50,
    "reward_mean": 748.7208678022215,
    "reward_std": 228.34994021730205,
    "reward_median": 777.4616723838892,
    "reward_ci_95_lower": 679.6924232237272,
    "reward_ci_95_upper": 806.3542681771393,
    "reward_min": 10.606519724627343,
    "reward_max": 1023.9294663478412,
    "rewards_raw": [
      967.2788324327461,
      728.0701621640509,
      723.3984873248854,
      699.3466537334104,
      736.4469043405813,
      663.9205891846545,
      871.6146556174845,
      234.3354059628495,
      799.9208618359885,
      686.879223033975,
      10.74644520163142,
      885.417617542297,
      847.3612966770265,
      806.1382333952635,
      799.4263841378105,
      805.8026642512966,
      715.3543624771521,
      790.1028811031983,
      769.1763063441437,
      785.7470384236346,
      10.606519724627343,
      883.2507831724403,
      929.8832033771498,
      895.5240272331896,
      751.3045462558649,
      743.4742429520061,
      734.3190358868,
      744.2929095726624,
      10.622419490443443,
      733.2684961437902,
      754.81080895457,
      931.1338927950559,
      1015.6008954470905,
      724.275236037614,
      972.8531164933742,
      752.9585570138494,
      798.456850080733,
      712.6677659021008,
      857.0669802281298,
      936.953936693383,
      682.897746500589,
      792.9673157294559,
      969.0811897955339,
      982.7611594198603,
      654.9414819481738,
      805.9211737955981,
      954.6717394818946,
      1023.9294663478412,
      631.1448543713302,
      717.918034081851
    ]
  },
  "ema_0.5": {
    "method": "Smoothed Oracle (ema)",
    "n_episodes": 50,
    "reward_mean": 1233.3208588348664,
    "reward_std": 488.0665090573086,
    "reward_median": 1043.711896522184,
    "reward_ci_95_lower": 1116.1454678267025,
    "reward_ci_95_upper": 1387.7597617783986,
    "reward_min": 1024.2418373022615,
    "reward_max": 3633.7854984587193,
    "rewards_raw": [
      1259.4885632295732,
      1034.908852624648,
      1039.3661036969293,
      1026.8518302967657,
      1031.2210005666468,
      1780.4666454168555,
      1529.4749939075389,
      3633.7854984587193,
      1024.2418373022615,
      1445.9828912338594,
      1032.8542289024058,
      1046.744394620858,
      1674.9073897364144,
      1024.3822049382884,
      1055.6979856863268,
      1039.2306599995443,
      1025.2034094249502,
      1034.164029205775,
      1035.068730323764,
      1108.0264294585418,
      1207.1800213821466,
      1044.3336529383594,
      1929.4506554096638,
      1032.87678702802,
      1054.3240499943392,
      1032.5667850211298,
      1044.84779122554,
      1043.0901401060084,
      1522.4778779820256,
      1062.9623111603603,
      1040.1027431346565,
      1033.843936537971,
      1189.0470293796245,
      1026.5302770710748,
      1102.810485651181,
      1036.9527947620434,
      1046.9589739060132,
      1026.3140612585282,
      1034.5756776773992,
      1092.1024184176333,
      1032.034465146942,
      1033.8958658034267,
      1038.9854946588418,
      1135.4464689801725,
      1058.693703607924,
      1026.1466854616585,
      1543.2715560666597,
      1231.5721197355506,
      1035.2649936877096,
      3045.3154395200513
    ]
  },
  "ema_0.2": {
    "method": "Smoothed Oracle (ema)",
    "n_episodes": 50,
    "reward_mean": 6.427010888457577,
    "reward_std": 0.05724394369522098,
    "reward_median": 6.431457974806625,
    "reward_ci_95_lower": 6.411807303087174,
    "reward_ci_95_upper": 6.442830047050632,
    "reward_min": 6.29869657115397,
    "reward_max": 6.538480844518916,