{
  "env_id": "Hopper-v4",
  "seed": 456,
  "oracle": {
    "method": "Oracle",
    "n_episodes": 50,
    "reward_mean": 1172.8425441956633,
    "reward_std": 368.3414072478294,
    "reward_median": 1097.9148892932485,
    "reward_ci_95_lower": 1098.7552748710445,
    "reward_ci_95_upper": 1288.8540563643119,
    "reward_min": 1051.0334706032274,
    "reward_max": 3560.9339344528394,
    "rewards_raw": [
      1098.097760077648,
      1102.3730699549221,
      1097.7320185088493,
      1093.3282706794203,
      1111.8120093319667,
      1090.5299369429783,
      1109.9545668663206,
      1093.416819967276,
      3560.9339344528394,
      1119.8134099370704,
      1081.1321297743154,
      1114.9307716043722,
      1105.9541121087673,
      1146.1393930383808,
      1080.7291096502647,
      1115.7365616459492,
      1099.0006698902732,
      1094.2300612893619,
      1121.9503111534332,
      1055.2606246092807,
      1091.965956286424,
      1140.1594455757754,
      1086.3799193964383,
      1086.6720646180706,
      1086.8242974923608,
      1102.236520868892,
      1094.2220229765385,
      1051.0334706032274,
      1842.8671249091296,
      1091.7683406396595,
      1087.0975073473735,
      1104.0542506245704,
      1097.2915469267537,
      1108.703786913195,
      1080.597052523042,
      1635.6132931742088,
      1091.9685074617455,
      1058.9899567034072,
      1112.1613473721727,
      1121.1028431661084,
      1083.683917044099,
      1092.783629018573,
      1105.7088539124295,
      1057.269795535091,
      1084.9176441696732,
      1120.3426692575738,
      1126.2154514607003,
      1101.8013790711557,
      1085.816463573729,
      1118.8226096773553
    ]
  },
  "sma_3": {
    "method": "Smoothed Oracle (sma)",
    "n_episodes": 50,
    "reward_mean": 1209.2819140064228,
    "reward_std": 319.04013166983464,
    "reward_median": 1051.5461512727215,
    "reward_ci_95_lower": 1125.893069732457,
    "reward_ci_95_upper": 1300.7329980723057,
    "reward_min": 867.443586300374,
    "reward_max": 2048.4182884303177,
    "rewards_raw": [
      1028.5500038308057,
      987.5499028280132,
      1039.6562269894534,
      1024.7867055489316,
      1014.4149248852777,
      1039.9745661791037,
      1027.4559586214273,
      1037.4202126460086,
      1971.264509653974,
      1909.3555923379356,
      1965.2373955679063,
      882.6418340762223,
      2048.4182884303177,
      1276.6981828204712,
      1029.5494968353887,
      1105.2207896928223,
      1115.6936423620784,
      1594.8598162050819,
      1063.1177363663394,
      1320.013046411003,
      1003.9033779966006,
      867.443586300374,
      1928.5482602014838,
      1261.5069355831217,
      1143.6287835776416,
      914.3228430668272,
      1026.1482907984787,
      1623.6936668796031,
      1085.5272215554241,
      1321.301936410609,
      982.689457051851,
      1020.408252844901,
      1029.7336050975468,
      1311.3490514931332,
      1175.0056317699066,
      1648.7930318902263,
      982.1575614031959,
      983.6594339452784,
      1005.4217235289929,
      1034.321353012732,
      1122.6649041059584,
      953.1470027382229,
      890.4893865819254,
      1089.989870186809,
      1656.4302629732686,
      1330.8324317971587,
      979.9568168388,
      1389.6535823523707,
      1184.063820656696,
      1035.4247853934419
    ]
  },
  "sma_5": {
    "method": "Smoothed Oracle (sma)",
    "n_episodes": 50,
    "reward_mean": 757.4413336960835,
    "reward_std": 225.22054432488227,
    "reward_median": 755.6893289515806,
    "reward_ci_95_lower": 692.3664241399149,
    "reward_ci_95_upper": 814.8922156086288,
    "reward_min": 10.609801569982553,
    "reward_max": 1086.4194672055055,
    "rewards_raw": [
      1086.4194672055055,
      872.2028258138423,
      944.7996202248446,
      710.9805400406188,
      706.0354916818442,
      875.6677815710766,
      780.6544069757089,
      1024.2506985781824,
      773.1535333335887,
      722.317158678748,
      785.4584334457401,
      757.8343706300072,
      948.7246465764373,
      716.7340609756677,
      733.6320648097264,
      10.806207563068625,
      655.4833604872305,
      712.5473922973689,
      634.537314725931,
      994.7556904652433,
      753.5442872731539,
      774.6701807737928,
      766.5802132466619,
      973.9622406754447,
      983.4113111348337,
      792.7655724075634,
      753.2953812386269,
      872.6681217493896,
      644.2449206583057,
      860.4063045071654,
      1009.3452281463785,
      752.6202864919399,
      751.1728787016375,
      685.5711164128049,
      736.2319492136523,
      801.2906588139347,
      802.4681660815315,
      677.4162310331797,
      631.8678752799277,
      717.1827652330767,
      10.620993974489517,
      723.2390176539371,
      635.9249332317179,
      728.768293663093,
      966.5650282740546,
      979.5510672432836,
      718.1856546247341,
      861.4754252778769,
      1049.415714137618,
      10.609801569982553
    ]
  },
  "ema_0.5": {
    "method": "Smoothed Oracle (ema)",
    "n_episodes": 50,
    "reward_mean": 1274.9225885521569,
    "reward_std": 542.7352392557832,
    "reward_median": 1051.3799439843497,
    "reward_ci_95_lower": 1143.2934800568155,
    "reward_ci_95_upper": 1437.1103029526175,
    "reward_min": 1018.8662703717952,
    "reward_max": 3501.845294852775,
    "rewards_raw": [
      1687.5381351447409,
      2246.6341224294665,
      1040.409381699513,
      1043.8366944324603,
      1086.4060980072027,
      1112.4298753509265,
      1028.9393772436413,
      3501.845294852775,
      1026.7313042711671,
      1031.7589742516482,
      1101.951197294577,
      1034.1806007223543,
      1356.7085058845485,
      2551.9317860949413,
      1044.407496057972,
      1077.9680809006934,
      1067.358333935254,
      1033.0568445242063,
      1041.42390141641,
      1111.3896915260211,
      1032.0103489491453,
      1051.1096273633084,
      1043.8880681179685,
      1095.3089513959283,
      1109.6182107133643,
      1027.6000494521593,
      1030.6379967294124,
      1112.6546494889046,
      1534.6201156819304,
      1051.650260605391,
      1106.498403072584,
      1037.8454488561074,
      1049.9597932391423,
      1040.0270491364583,
      1058.9927165314919,
      1338.650296301265,
      1042.9525972299741,
      1036.4183762993007,
      1028.3366918505537,
      1224.6627768407018,
      1990.3390839088734,
      1037.4603526497335,
      1310.6654187575805,
      1028.209007137071,
      3345.106941836652,
      1018.8662703717952,
      1030.2634675031734,
      1035.0593519251265,
      1320.4114680569758,
      1349.3999415652524
    ]
  },
  "ema_0.2": {
    "method": "Smoothed Oracle (ema)",
    "n_episodes": 50,
    "reward_mean": 6.4332326363257275,
    "reward_std": 0.05475638267912793,
    "reward_median": 6.4185940614940105,
    "reward_ci_95_lower": 6.4183313103235635,
    "reward_ci_95_upper": 6.448416424466455,
    "reward_min": 6.3345392232836675,
    "reward_max": 6.55704100213028,