{
  "env_id": "Hopper-v4",
  "seed": 42,
  "oracle": {
    "method": "Oracle",
    "n_episodes": 50,
    "reward_mean": 1109.2943677583526,
    "reward_std": 34.527895043232824,
    "reward_median": 1105.3809755228813,
    "reward_ci_95_lower": 1101.190878575981,
    "reward_ci_95_upper": 1120.1238335104363,
    "reward_min": 1050.2905229502687,
    "reward_max": 1307.713882199524,
    "rewards_raw": [
      1114.6919593486011,
      1127.9023132474783,
      1092.6533314191463,
      1089.5559701032703,
      1114.2549471666887,
      1096.976663003516,
      1112.414685765378,
      1119.4766811126951,
      1101.324881048279,
      1089.858808010129,
      1108.0597457717504,
      1107.925567258139,
      1120.0736649509377,
      1117.702374977447,
      1098.6745112390595,
      1110.3889607598292,
      1173.368391863967,
      1113.1194275409255,
      1090.727796700933,
      1050.2905229502687,
      1090.9072874137212,
      1092.3618761529356,
      1133.6415384425457,
      1123.7991719975562,
      1095.4726663854326,
      1147.7512252751094,
      1090.0129510328927,
      1093.5882014723493,
      1068.063983799194,
      1085.4793510947056,
      1127.007098916024,
      1104.4735532222699,
      1087.5670534501983,
      1119.0506971686038,
      1085.7624849821132,
      1095.5521656907483,
      1107.538970568974,
      1107.781862112853,
      1119.087051960723,
      1110.2217065272803,
      1105.4276717897694,
      1090.7351627828737,
      1090.6929429493296,
      1105.094000027582,
      1121.1153598051135,
      1113.4455675598115,
      1094.0926179514254,
      1307.713882199524,
      1105.3342792559934,
      1096.5048016915475
    ]
  },
  "sma_3": {
    "method": "Smoothed Oracle (sma)",
    "n_episodes": 50,
    "reward_mean": 1162.6668888151364,
    "reward_std": 438.8582613549111,
    "reward_median": 1027.0954724212015,
    "reward_ci_95_lower": 1058.331303104097,
    "reward_ci_95_upper": 1298.7970685323996,
    "reward_min": 811.9579237860436,
    "reward_max": 3566.521413119252,
    "rewards_raw": [
      967.6834529518259,
      1324.6276514618469,
      1027.328278300425,
      891.445571905307,
      1026.8626665419783,
      1123.1127332223684,
      924.6305647552946,
      846.5129516754456,
      983.394435354464,
      1025.6608719316614,
      1478.7716780392577,
      811.9579237860436,
      1093.2442220134008,
      3566.521413119252,
      1008.660838547291,
      1009.0695480967654,
      1000.0980991755204,
      999.9919877162762,
      1672.173390838266,
      911.8121959348225,
      1927.370817756805,
      1381.1095444010778,
      1015.0558629025307,
      1063.3895783896003,
      1690.224701329824,
      1028.2147874066156,
      1003.4997886250482,
      914.5824067619992,
      1073.6960212717115,
      888.9458834424586,
      1012.1674829340803,
      1080.4321364004288,
      1259.5714255645248,
      1061.8034879770582,
      1295.0629813539415,
      958.3974146084369,
      913.5226822461943,
      878.8807459337708,
      1034.5995707066065,
      1079.453806313537,
      967.6828734472371,
      1028.3267943486808,
      902.4948194055214,
      1578.776779382474,
      1086.7757051940584,
      1061.3208171179267,
      847.8308635432938,
      1857.4400527465784,
      887.0420974973648,
      1662.1120363799112
    ]
  },
  "sma_5": {
    "method": "Smoothed Oracle (sma)",
    "n_episodes": 50,
    "reward_mean": 770.0994998585178,
    "reward_std": 209.05940680010013,
    "reward_median": 776.644882989449,
    "reward_ci_95_lower": 709.2220850589658,
    "reward_ci_95_upper": 823.6978780133338,
    "reward_min": 10.797541134300218,
    "reward_max": 1073.2302690246265,
    "rewards_raw": [
      709.4270758014475,
      10.891011927560896,
      921.514776365635,
      774.1522220180459,
      1000.5922735266914,
      633.6779982000429,
      868.6925557259784,
      792.5683360143298,
      727.3004865608576,
      775.3002646715473,
      706.2095102111662,
      783.7756147677486,
      792.1197978658884,
      723.1138675020741,
      738.0982013124652,
      633.1989437319093,
      744.1524020352975,
      940.5994770330847,
      10.797541134300218,
      776.9206834955917,
      691.3301674672886,
      1072.6979935603272,
      928.564407107569,
      934.6322399156868,
      974.3525350142257,
      712.8184856932307,
      958.0787664835271,
      778.9258734548674,
      1073.2302690246265,
      712.8275198423522,
      780.4069199200561,
      973.132584860926,
      755.7179176610778,
      762.6103422627143,
      235.00486192697892,
      789.0206299358231,
      727.9907697129506,
      725.1933198960921,
      1017.6661800033709,
      746.388572975421,
      948.4799428403164,
      746.8072753834927,
      722.7908302126485,
      990.0466360875168,
      777.3997517214094,
      786.8565109140656,
      777.1275175681664,
      686.4848221165137,
      878.9192269776794,
      776.3690824833063
    ]
  },
  "ema_0.5": {
    "method": "Smoothed Oracle (ema)",
    "n_episodes": 50,
    "reward_mean": 1252.8020559763977,
    "reward_std": 504.2344646334346,
    "reward_median": 1043.2149825677116,
    "reward_ci_95_lower": 1133.0159412408111,
    "reward_ci_95_upper": 1408.8600999238574,
    "reward_min": 1014.7853633183964,
    "reward_max": 3531.839707216787,
    "rewards_raw": [
      1034.24321829069,
      1443.4949834771771,
      1085.7889847834267,
      1038.5801044670993,
      1340.146871719965,
      1038.9670340670477,
      1043.8416512841288,
      1021.4006990277485,
      1373.3328453756735,
      1041.247193549069,
      1046.9394785532763,
      1032.7190868581686,
      1042.5883138512943,
      1684.6528205802674,
      1023.0911180307435,
      1050.8991240924495,
      1052.5237383475003,
      1287.4816934523963,
      1016.5828594112427,
      1063.1659272298198,
      1033.0789686506462,
      1194.2398772287233,
      1062.8364435208907,
      1041.8019142716014,
      1014.7853633183964,
      1030.4707894987416,
      1027.2506406530363,
      1027.5251142228929,
      1215.0704487889918,
      1032.0187164628637,
      1051.4250490238526,
      3314.4816604277153,
      1042.4395823125312,
      1176.5026768599716,
      1990.9484885685767,
      1036.9306452448102,
      1267.3974639385108,
      1028.4370764179769,
      1365.4289512808402,
      1023.0616523650256,
      1611.511274938509,
      1041.7303176152761,
      1672.795727568778,
      1040.7446775079575,
      1042.087729331715,
      1040.7676426380563,
      1046.2258109846518,
      1834.1348699657788,
      1040.4457715465887,
      3531.839707216787
    ]
  },
  "ema_0.2": {
    "method": "Smoothed Oracle (ema)",
    "n_episodes": 50,
    "reward_mean": 6.435039310661149,
    "reward_std": 0.06563216931692578,
    "reward_median": 6.430792123795513,
    "reward_ci_95_lower": 6.41726354575261,
    "reward_ci_95_upper": 6.452783190136301,
    "reward_min": 6.295001649998438,
    "reward_max": 6.554524461068464,