{
  "Hopper-v4": {
    "methods": {
      "Oracle": {
        "raw_values": [
          1165.0960195208916,
          1116.7319117039667,
          1128.962990675945,
          1155.4952687916752,
          1215.8846533128935
        ],
        "stats": {
          "mean": 1156.4341688010745,
          "std": 38.53960348134602,
          "ci95_lower": 1108.5809306532387,
          "ci95_upper": 1204.2874069489103
        }
      },
      "Frozen": {
        "raw_values": [
          466.107638128773,
          358.2261548855095,
          441.18571785261963,
          406.1127771393595,
          472.91846947388245
        ],
        "stats": {
          "mean": 428.9101514960288,
          "std": 47.399953182472,
          "ci95_lower": 370.05533611280936,
          "ci95_upper": 487.7649668792482
        }
      },
      "EKF": {
        "raw_values": [
          109.9721350870282,
          123.1221100941805,
          108.95996356495587,
          118.24488369847211,
          109.01152874092325
        ],
        "stats": {
          "mean": 113.862124237112,
          "std": 6.47393601451815,
          "ci95_lower": 105.82367096121006,
          "ci95_upper": 121.90057751301394
        }
      },
      "RSSM": {
        "raw_values": [
          54.59403930587243,
          81.21666735784645,
          167.8413108073799,
          134.21617011361332,
          124.27888027188548
        ],
        "stats": {
          "mean": 112.42941357131951,
          "std": 44.734542077771785,
          "ci95_lower": 56.88414319721888,
          "ci95_upper": 167.97468394542014
        }
      },
      "TOLD": {
        "raw_values": [
          200.50330433192613,
          100.23331292405784,
          92.6317862278792,
          22.576542428014463,
          104.70505107175322
        ],
        "stats": {
          "mean": 104.12999939672618,
          "std": 63.41629128948653,
          "ci95_lower": 25.3882736029678,
          "ci95_upper": 182.87172519048454
        }
      },
      "PANO": {
        "raw_values": [
          1321.010636800081,
          1348.804419236974,
          1272.3803290700014,
          1182.6233389890444,
          1169.5089213799151
        ],
        "stats": {
          "mean": 1258.8655290952033,
          "std": 80.51574859074265,
          "ci95_lower": 1158.8920227816527,
          "ci95_upper": 1358.839035408754
        }
      }
    },
    "tests": {
      "PANO_vs_Oracle": {
        "p_value": 0.0442833291340773,
        "t_stat": 2.565907014328215
      },
      "PANO_vs_EKF": {
        "p_value": 5.223208795122465e-06,
        "t_stat": 31.696520178299878
      },
      "PANO_vs_Frozen": {
        "p_value": 4.794987873287626e-07,
        "t_stat": 19.862962953428212
      },
      "RSSM_vs_Frozen": {
        "p_value": 4.696106714804826e-06,
        "t_stat": -10.857838126572215
      },
      "TOLD_vs_Frozen": {
        "p_value": 2.6480286714872507e-05,
        "t_stat": -9.172691149190193
      }
    }
  },
  "Walker2d-v4": {
    "methods": {
      "Oracle": {
        "raw_values": [
          3671.0251460118598,
          3869.7285041013583,
          3723.642356967722,
          3763.8046553893987,
          3741.616581120594
        ],
        "stats": {
          "mean": 3753.9634487181866,
          "std": 73.22733983430162,
          "ci95_lower": 3663.039697161702,
          "ci95_upper": 3844.887200274671
        }
      },
      "Frozen": {
        "raw_values": [
          1364.7334525008,
          1287.1477817132763,
          1485.2541421559488,
          1543.244872279756,
          1483.4188610789017
        ],
        "stats": {
          "mean": 1432.7598219457366,
          "std": 104.1145900535286,
          "ci95_lower": 1303.4844837885264,
          "ci95_upper": 1562.0351601029467
        }
      },
      "EKF": {
        "raw_values": [
          211.67894608468654,
          223.91951919353116,
          254.09649151354353,
          304.6396311480592,
          284.9866150483719
        ],
        "stats": {
          "mean": 255.86424059763849,
          "std": 39.379822976371585,
          "ci95_lower": 206.9677321522405,
          "ci95_upper": 304.76074904303647
        }
      },
      "RSSM": {
        "raw_values": [],
        "stats": {
          "mean": 0.0,
          "std": 0.0,
          "ci95_lower": 0.0,
          "ci95_upper": 0.0
        }
      },
      "TOLD": {
        "raw_values": [],
        "stats": {
          "mean": 0.0,
          "std": 0.0,
          "ci95_lower": 0.0,
          "ci95_upper": 0.0
        }
      },
      "PANO": {
        "raw_values": [
          1409.6964615610934,
          1708.3118063931463,
          1268.2400081435055,
          1709.6241824524416,
          1460.0205228919056
        ],
        "stats": {
          "mean": 1511.1785962884185,
          "std": 193.76344014447042,
          "ci95_lower": 1270.5895084929195,
          "ci95_upper": 1751.7676840839174
        }
      }
    },
    "tests": {
      "PANO_vs_Oracle": {
        "p_value": 1.768971110591038e-06,
        "t_stat": -24.210903722175516
      },
      "PANO_vs_EKF": {
        "p_value": 8.533914850518711e-05,
        "t_stat": 14.196348759232167
      },
      "PANO_vs_Frozen": {
        "p_value": 0.4551003401865231,
        "t_stat": 0.7971749355010928
      }
    }
  }
}