{
  "env_id": "Ant-v4",
  "seed": 456,
  "sma": {
    "method": "SMA Baseline",
    "n_episodes": 100,
    "reward_mean": -50.718029991630885,
    "reward_std": 356.83958522535966,
    "reward_median": 36.46065437176887,
    "reward_ci_95_lower": -122.67360930837192,
    "reward_ci_95_upper": 15.891312314761427,
    "reward_min": -1475.9375077594782,
    "reward_max": 826.2435821741353,
    "rewards_raw": [
      826.2435821741353,
      42.365188448990814,
      -369.2047151467889,
      306.87543966658285,
      -17.620909411606224,
      67.69447952345212,
      226.99795385393605,
      216.3255702387438,
      29.39045269863842,
      -594.1980317960026,
      -535.4165884782556,
      468.3824483266449,
      64.30093163718573,
      194.5576906178751,
      36.74976553311114,
      107.64569056076374,
      -640.0402937611253,
      15.774446739857284,
      95.9921347263119,
      73.22655802558438,
      60.11428684634109,
      40.43586842835576,
      25.30770139015709,
      176.64309248770834,
      57.43410091214532,
      20.894361075244902,
      65.60418653134933,
      469.5900317671627,
      -290.57401274307955,
      142.16231004940283,
      31.794487823846314,
      7.312304294495152,
      107.00199204856943,
      -192.04339084643715,
      -23.52214086505272,
      -1056.0775234830362,
      451.46351966567966,
      37.59629804933171,
      8.39859699128546,
      11.17194689837278,
      457.6661786678252,
      -80.84242403075288,
      51.88085662313522,
      -941.759076351963,
      2.360824470211718,
      -681.9827442788202,
      29.255081104044926,
      34.29916754606499,
      174.29787860914712,
      122.31781413232753,
      -936.9355310134234,
      155.66634699253436,
      58.814926073936306,
      -485.8625871555177,
      -222.52749672732924,
      36.17154321042659,
      44.019632062254146,
      14.073675161246317,
      7.091814451047656,
      49.17252027585775,
      47.59799946914234,
      404.3923194237825,
      71.9401566788253,
      80.72364527976978,
      -510.8158985166134,
      89.272896748442,
      -353.1055327050214,
      -28.014285018275608,
      21.30639486738407,
      6.996023629287439,
      63.98345590173857,
      201.04038335363086,
      114.59956357785046,
      -464.7684177615439,
      75.08288012383949,
      34.957569723663866,
      -1475.9375077594782,
      20.45303778597804,
      3.9474491669394247,
      35.87710409809099,
      32.411241703443146,
      86.41312666009769,
      90.27448893359664,
      -293.83277100378547,
      4.991000632695096,
      -466.981763804826,
      -1112.243678367209,
      116.26726218154765,
      429.8360888184603,
      -552.6143607018438,
      -430.20852818837807,
      95.57000659487217,
      116.90330413252366,
      189.3226337811357,
      214.12814791626587,
      178.87845661614347,
      -339.90171829245884,
      -639.3964979799728,
      23.302656805821854,
      91.62045500921904
    ],
    "velocity_error_mean": 0.32607376693620127,
    "velocity_error_std": 0.20949684539483984
  },
  "lstm": {
    "method": "LSTM Baseline",
    "n_episodes": 100,
    "reward_mean": 1601.0224971863217,
    "reward_std": 1334.450646851091,
    "reward_median": 1122.006441153952,
    "reward_ci_95_lower": 1345.0175535531248,
    "reward_ci_95_upper": 1858.4756483427175,
    "reward_min": -57.46775188306241,
    "reward_max": 4498.932581915977,
    "rewards_raw": [
      208.5552372704456,
      1012.5902808129732,
      525.1328646892787,
      1228.4984386041106,
      727.0790817865418,
      1056.0809102999801,
      50.25077086172811,
      -57.46775188306241,
      656.93355100967,
      313.09845686409597,
      629.957417026056,
      2496.402820304762,
      621.9275588731393,
      2668.650941056775,
      3524.218475018328,
      4200.132895888221,
      2450.2681578446745,
      3147.173564022678,
      1702.2468106522495,
      3840.4179113827763,
      2870.4413632082596,
      1066.763985951685,
      27.015751167391468,
      4498.932581915977,
      2930.342512616944,
      50.53724203002485,
      1229.733373367706,
      1226.4376390247594,
      606.5341642019156,
      2750.9233782666565,
      100.71934168359383,
      3975.691588097011,
      3311.091091333336,
      291.05455793150685,
      2481.433573904873,
      902.0635612116939,
      3762.408524869993,
      94.92286511597774,
      3775.2628506517835,
      162.9819284961083,
      45.01867687294613,
      58.41063171937687,
      261.529362026826,
      2885.390312046386,
      4342.084932722028,
      69.43573581508619,
      483.8629402190767,
      1085.5211350235907,
      241.60385425262405,
      1661.2244488361926,
      547.698586495891,
      4264.370677713373,
      691.80654361012,
      2627.1981724753105,
      1551.3922330702296,
      2308.9416378700435,
      2820.611635682658,
      69.06760502837741,
      3361.8487402997516,
      51.62750327658729,
      1751.9205174647634,
      1036.0359741016314,
      238.63782903027246,
      906.346629056216,
      1538.0486643463064,
      404.1459430431879,
      2186.2211053472906,
      3694.632651256882,
      2120.111963403395,
      290.78057110055477,
      233.55329027458123,
      3172.7822513904966,
      2569.400584307579,
      190.27135733850366,
      2934.62885591539,
      427.7020526125225,
      1113.7935934814118,
      555.2901275342308,
      664.4164340064948,
      768.2786569728344,
      1060.8327211528883,
      -2.709054796874911,
      1044.5463167026337,
      3931.154737232134,
      1130.2192888264922,
      856.5534188216438,
      2789.315324522508,
      247.51162040402951,
      2037.3211427946394,
      1249.0543484712755,
      3203.2556674390703,
      2211.544810150929,
      2398.1159754808723,
      3008.2721737614966,
      1435.1317074684052,
      4284.711711401252,
      1792.5515415121456,
      2686.2599352625757,
      1108.5602767416856,
      286.96137080873893
    ],
    "velocity_error_mean": 0.1327938446986658,
    "velocity_error_std": 0.07523667429696063
  }
}