{
  "env_id": "Ant-v4",
  "seed": 789,
  "sma": {
    "method": "SMA Baseline",
    "n_episodes": 100,
    "reward_mean": -69.28046015294082,
    "reward_std": 391.01702119552465,
    "reward_median": 34.154960754711865,
    "reward_ci_95_lower": -148.2368560964274,
    "reward_ci_95_upper": 1.7761323125871422,
    "reward_min": -1880.933200534115,
    "reward_max": 479.7560296374947,
    "rewards_raw": [
      12.351048553994824,
      31.144358628252867,
      40.11503454812215,
      13.992221170775911,
      4.381910919170917,
      -151.37306129910232,
      220.8743485560003,
      -33.1512499151614,
      42.1665501156259,
      262.29033555510466,
      391.7812510475345,
      15.74127979911696,
      9.475160630306988,
      -229.57577868925313,
      206.21689950318495,
      39.61464534498104,
      118.2036331281211,
      148.2554087875337,
      274.48826028003214,
      49.45284657370725,
      -982.8414781250292,
      299.29625275797565,
      -216.22340722950236,
      140.53589196480482,
      22.6373400595946,
      250.0829427499703,
      242.87456430719203,
      -58.63130142140601,
      58.69538737041589,
      34.90547286693413,
      66.464546059031,
      59.51878044645299,
      52.35666535461374,
      4.7702209684087435,
      41.10800205103935,
      -1.926651594948508,
      31.67529061294826,
      73.59109061564176,
      54.95091484026099,
      115.46744287500101,
      67.76610997927376,
      13.628781446848949,
      479.7560296374947,
      63.98090624928333,
      -502.85257535352275,
      -427.9931175912077,
      -30.028577364291277,
      163.3118837585701,
      43.07169145049038,
      26.706264154764824,
      -463.67944361795276,
      197.37605375892448,
      215.4814044899058,
      -1441.9102545884803,
      109.37872695161681,
      -533.041119928613,
      31.627476412794742,
      32.11185627611518,
      61.90818530126808,
      14.943052366926663,
      151.92522353362924,
      -1152.0388567551765,
      -1880.933200534115,
      -200.82010622780103,
      24.085921554492536,
      123.7679903535719,
      56.868142974846535,
      19.596499124284108,
      -69.1411596430966,
      33.4044486424896,
      37.496442768670065,
      -554.1048633343402,
      -218.81662795006298,
      141.94515166962591,
      399.28290674102055,
      -1.7204537906007404,
      -665.0877318947246,
      -406.36730964914284,
      196.66425464298743,
      19.26379230631581,
      -919.1882200792259,
      81.9782915428039,
      -1.4998789805909056,
      85.29361126998302,
      -341.6230401033268,
      53.20015595381634,
      41.72360941963483,
      -6.595290120930493,
      31.549465910608394,
      27.11621634986384,
      -789.2007333103653,
      45.2135358790972,
      98.63864381002506,
      49.79173621520328,
      169.64709468726375,
      373.6222207380082,
      -1527.2384520517646,
      -414.5088735751738,
      50.17487167111554,
      31.292150389340573
    ],
    "velocity_error_mean": 0.3319323667179647,
    "velocity_error_std": 0.21046982021175117
  },
  "lstm": {
    "method": "LSTM Baseline",
    "n_episodes": 100,
    "reward_mean": 1554.9981377878232,
    "reward_std": 1408.494907160223,
    "reward_median": 1129.0927867939909,
    "reward_ci_95_lower": 1287.8362521849879,
    "reward_ci_95_upper": 1833.9321000309162,
    "reward_min": -77.07677525277674,
    "reward_max": 4659.362493130816,
    "rewards_raw": [
      139.80638226509782,
      677.2985846436782,
      2094.375470825028,
      1020.0978903716417,
      461.8138764758639,
      1183.3662539624838,
      4361.652311006764,
      1058.5190243843713,
      19.23828660512364,
      782.0105231530158,
      462.9064024202046,
      3200.605526291483,
      1026.48545613565,
      1140.15573191014,
      26.653657481930814,
      748.620820504209,
      4289.951611602993,
      1719.0522259420136,
      285.30617399582945,
      24.616346589824396,
      1828.8290810499575,
      1838.9561087277477,
      201.41403858898298,
      411.50562592275355,
      213.2481381345545,
      4659.362493130816,
      1505.9579944471625,
      512.270670720198,
      4547.828226680374,
      78.28872269162733,
      160.03818639064104,
      1144.5723253672452,
      3936.9677364882637,
      1524.2070138891183,
      3710.127325291686,
      873.8424138232019,
      3262.1559514123765,
      3796.1625105064877,
      1594.4744843651717,
      655.1902929559199,
      588.7635955636462,
      1887.1308203857132,
      109.39587201461157,
      4282.142278155574,
      1343.947928160069,
      7.4811573335903425,
      3061.5734996214096,
      4025.7671649386366,
      1961.8753959555816,
      -77.07677525277674,
      230.35878529454646,
      3854.854561964939,
      1395.36360651343,
      1305.8543834178502,
      166.24977730603263,
      1857.2469068217383,
      823.5810725802452,
      664.6675252597843,
      1127.2430207893008,
      1707.955828262062,
      4297.525365794651,
      425.92209834956634,
      2244.6592470421583,
      -3.7012619261359885,
      1806.12819378421,
      687.4869365691159,
      908.0846199511949,
      566.8434345894952,
      316.46156033754744,
      37.21575860724423,
      4350.838104788307,
      3117.2159555151916,
      1114.6610368375113,
      3477.9071712455443,
      247.06152109133149,
      1584.0071174367954,
      2688.8934245521114,
      3240.108281812815,
      1130.942552798681,
      127.03503833632375,
      3116.9293867342926,
      520.0134690151851,
      3198.8380289719175,
      3168.7431418967167,
      938.0284428592315,
      96.49581748022209,
      1043.4860656882904,
      18.785312385458845,
      662.5715723367766,
      626.8137572587535,
      9.760457111565895,
      1370.0542163703938,
      3832.984596679895,
      4133.693176897426,
      1312.2684089424338,
      3107.803258885321,
      1278.7399679849577,
      2933.256341199195,
      218.46937430286025,
      44.47452603014736
    ],
    "velocity_error_mean": 0.1432239963825975,
    "velocity_error_std": 0.08086077697043723
  }
}