{
  "env_id": "Ant-v4",
  "seed": 1024,
  "sma": {
    "method": "SMA Baseline",
    "n_episodes": 100,
    "reward_mean": -55.14378685361989,
    "reward_std": 339.2778878431389,
    "reward_median": 35.78164743593902,
    "reward_ci_95_lower": -122.49024705247786,
    "reward_ci_95_upper": 7.536488875188505,
    "reward_min": -1586.574554306945,
    "reward_max": 434.52824098193395,
    "rewards_raw": [
      -426.62426124200664,
      46.739201838114575,
      125.70289904333765,
      14.125818455690169,
      17.100306423186662,
      -187.74786243001398,
      117.86086769274696,
      230.5367883588457,
      148.68492507156805,
      186.605133468215,
      -153.71624640981835,
      -25.769747060087944,
      54.91086628424745,
      36.26925211198544,
      24.334799596349665,
      16.93561606745311,
      38.21004447827998,
      -367.6039714556806,
      276.5467890647332,
      240.62037432496479,
      -272.57568925344935,
      104.3328228235599,
      -13.178567152170585,
      150.9878941657203,
      161.6974781144301,
      -552.8851348507106,
      74.54018976431095,
      59.44999494502872,
      25.992916561246687,
      338.2620537211362,
      -630.2701572053264,
      67.60145694204436,
      109.22399839657687,
      -320.2911937138054,
      111.97136946718041,
      189.2234627807656,
      35.2940427598926,
      -449.7182553895222,
      -669.5956799968191,
      315.5471719129452,
      -922.4216352544059,
      -139.66900592532767,
      -399.6243425815267,
      151.28628116843404,
      14.715680511790126,
      -279.3459174592007,
      136.71734629339636,
      26.35050849769913,
      187.67178893217903,
      -564.603950096444,
      110.07068138683694,
      164.34237402336655,
      85.47727175652591,
      41.5258367945582,
      55.34013281368531,
      357.955633403578,
      4.219901525904356,
      434.52824098193395,
      -348.4902776594313,
      322.06180990288686,
      33.52388337657919,
      -21.489034132109417,
      17.48276215290789,
      132.13243907928666,
      -427.00594266326146,
      30.90519573717597,
      86.04005340484738,
      -329.1919655590138,
      41.864083784801444,
      -1.6953203781806656,
      -1586.574554306945,
      20.150578951724576,
      251.75073079993848,
      18.04872284450661,
      100.0638572651928,
      -426.22890757069314,
      247.63124050897437,
      11.78874511969957,
      18.940172331018303,
      118.19210704480908,
      216.27472852972429,
      -46.010710828017785,
      -8.338591146808833,
      -731.69126324181,
      45.28215506542628,
      -408.8224788921648,
      199.5269783946453,
      75.85079974566492,
      -1403.5707707514225,
      15.47197626580708,
      -197.99246107640306,
      134.24585675710776,
      160.25005299658852,
      168.0970628329966,
      -2.568879710518106,
      -554.0289239290076,
      391.91208835874636,
      46.447970884127216,
      -734.902960809539,
      96.41970991002458
    ],
    "velocity_error_mean": 0.3288004739487007,
    "velocity_error_std": 0.20979129565130136
  },
  "lstm": {
    "method": "LSTM Baseline",
    "n_episodes": 100,
    "reward_mean": 1647.6320103087853,
    "reward_std": 1428.7062198581539,
    "reward_median": 1281.285493905969,
    "reward_ci_95_lower": 1374.1067819392435,
    "reward_ci_95_upper": 1927.4397892941377,
    "reward_min": 12.549634321618388,
    "reward_max": 4699.469110032679,
    "rewards_raw": [
      488.94301768443614,
      53.46698774557673,
      4192.672344133914,
      109.8615942195552,
      3686.939664958857,
      1677.278389937339,
      2080.126670920443,
      85.0587503893102,
      112.82684311168295,
      53.67092945616392,
      2588.775334970783,
      521.9541272810128,
      2386.0464219824084,
      2941.2608896712777,
      4054.9638825089414,
      2783.6911713805957,
      3448.8987795087946,
      1593.0835927562698,
      1075.7304178082243,
      175.9468627659645,
      598.4137879727558,
      745.1551762565894,
      2341.2444533052817,
      56.15687205612127,
      3498.597848414846,
      98.69744021220161,
      829.513505814349,
      2876.135085859425,
      58.819595126411656,
      2245.925969807361,
      475.25684179232496,
      1591.6426406023184,
      767.4406810020107,
      3888.376322136388,
      2735.4838361313787,
      1880.2489017164442,
      1392.6488691575244,
      4407.506657685502,
      1186.5116055188737,
      1110.9953169791704,
      319.5687677370738,
      4029.637950440608,
      1313.797935789638,
      2005.886750057161,
      4038.127093756026,
      13.53571610538946,
      352.40978240659604,
      3761.0394652038494,
      199.74699065120512,
      2418.9550840934885,
      1786.3989145957073,
      3835.3660238505095,
      1207.623711449372,
      1802.20384170315,
      1389.383353959819,
      1804.6134628630298,
      1978.1068642457894,
      93.45685634717015,
      1592.1994257788222,
      151.6637180215534,
      2832.787152336272,
      4699.469110032679,
      2184.252941143282,
      1238.8589903820866,
      208.53930533384138,
      635.7938794826946,
      85.56468726101906,
      435.52845145718385,
      123.07255779427105,
      3711.0211867062235,
      109.02428469548057,
      955.3571483512443,
      593.1764318048866,
      3114.250316366065,
      987.071505971586,
      2918.394959651478,
      560.5104630646846,
      372.5045282854469,
      3906.4837848693737,
      3460.6043438816,
      358.8035873399999,
      873.4607418527921,
      304.3307643439044,
      19.00642612552283,
      350.83107434686383,
      4146.203979281198,
      157.54392064579315,
      12.549634321618388,
      3233.9979420251366,
      2670.090386720234,
      4340.860228452195,
      2412.9536799331063,
      88.13387327756195,
      3951.4629158084454,
      1248.7730520223,
      1370.642919716784,
      3927.185129104236,
      156.36618894987924,
      161.3136125636585,
      856.7351553811078
    ],
    "velocity_error_mean": 0.1353570500844429,
    "velocity_error_std": 0.07709474929077752
  }
}