{
  "experiment": "sota_baselines",
  "env_id": "Ant-v4",
  "n_episodes": 50,
  "dropout_duration": 5,
  "seed": 789,
  "train_seed": 789,
  "eval_seed": 10789,
  "methods": {
    "oracle": {
      "method": "Oracle (no dropout)",
      "n_episodes": 50,
      "reward_mean": 4370.287235162043,
      "reward_std": 1475.176299238077,
      "reward_median": 5051.317048271257,
      "reward_ci_95_lower": 3954.2677627641447,
      "reward_ci_95_upper": 4742.238408555537,
      "reward_min": 159.35347335928049,
      "reward_max": 5476.669309242114,
      "rewards_raw": [
        4848.0162568362775,
        5324.766261451273,
        4886.440913406805,
        4969.297249262607,
        2645.4244824959287,
        5246.1903964428675,
        5060.884455149542,
        4037.7876407300973,
        1007.1370710659187,
        5069.985155310809,
        5267.22569389229,
        5105.447989855389,
        5179.042099705275,
        5245.785168233709,
        5080.321086804067,
        1221.397813573155,
        5317.096274546248,
        159.35347335928049,
        5012.808083424674,
        5476.669309242114,
        5078.882022920385,
        4930.464548454387,
        2740.914358890599,
        5090.398192959557,
        5275.665778585308,
        5070.446003005558,
        2143.879129115968,
        4736.768881787106,
        5006.348649275614,
        5293.717787666174,
        5148.383161289416,
        5073.499339536043,
        730.5944940864993,
        5385.8758903522075,
        4943.345705876692,
        5295.500492256691,
        5116.883717849202,
        2670.8628870415087,
        4992.165171127249,
        4885.612544073045,
        4771.538064489486,
        5041.749641392971,
        1294.9550010625703,
        4799.554623627469,
        5144.3222769163085,
        5090.067348353296,
        5198.182827246413,
        5159.8927017297565,
        1226.945060112941,
        5015.86858223337
      ]
    },
    "frozen": {
      "method": "Frozen Baseline",
      "n_episodes": 50,
      "reward_mean": 143.82832726802596,
      "reward_std": 192.3648596817137,
      "reward_median": 73.88582026463976,
      "reward_ci_95_lower": 91.04649345387553,
      "reward_ci_95_upper": 197.3589849206878,
      "reward_min": -512.4678236071554,
      "reward_max": 680.4196982577264,
      "rewards_raw": [
        109.36767991194006,
        15.031721861894443,
        69.34189605910116,
        69.91390716358177,
        370.6486118447267,
        14.465826629879754,
        63.29313035322212,
        40.69126374451245,
        226.09002305898733,
        299.1029335779117,
        171.5779677754175,
        680.4196982577264,
        36.405231540650476,
        46.087722877289224,
        26.81373794679888,
        342.88314230918485,
        29.51661341054751,
        -512.4678236071554,
        317.22914481137667,
        55.37184558586025,
        23.300798753133016,
        32.46057434551784,
        21.67191905248178,
        66.18514933921631,
        17.56393711076617,
        123.59822679965649,
        490.59705730526576,
        29.509462455137392,
        344.8307271500731,
        677.6474210741308,
        385.0128789731311,
        19.186914128079884,
        55.83701503816337,
        289.4399298479133,
        40.91809107756297,
        23.88117518757725,
        15.514439013754796,
        105.91201070369445,
        41.21148214347956,
        1.544057983924536,
        379.9483062777432,
        124.63528370262462,
        77.85773336569775,
        100.24155582540993,
        124.12963197171396,
        274.90091643000983,
        194.97546526110682,
        347.7009663284363,
        137.56204073806578,
        151.85692090437703
      ],
      "state_estimation_error_mean": 0.12743832807403876,
      "state_estimation_error_std": 0.16642507019551853,
      "error_metric": "mean_absolute_state_estimation_error"
    },
    "rssm": {
      "method": "RSSM",
      "n_episodes": 50,
      "reward_mean": 1457.0044393830776,
      "reward_std": 1287.6362377433757,
      "reward_median": 1120.666437562175,
      "reward_ci_95_lower": 1112.9199090042248,
      "reward_ci_95_upper": 1828.3721280029777,
      "reward_min": -74.57008796697914,
      "reward_max": 4291.88508503821,
      "rewards_raw": [
        2517.1546623334075,
        606.9944378388561,
        1519.7418763029593,
        -9.911815526709006,
        284.5210091479459,
        492.4833206228144,
        534.6581210093318,
        190.44286885200128,
        1492.1974431170052,
        264.09143203872384,
        3447.282731052786,
        50.32122564354749,
        3183.855817894067,
        1860.052798803674,
        799.4594612883261,
        3309.315287231421,
        672.217793088629,
        1264.9003037096622,
        1315.7772028004752,
        3257.471418463273,
        337.07123990612286,
        1590.288388084557,
        1129.5672452151427,
        1869.7860336039957,
        4291.88508503821,
        236.3572080518434,
        3723.4607846561253,
        2169.060515246121,
        3760.2803885200888,
        1754.7912160679605,
        741.8100880159668,
        4067.4964524007796,
        77.98808390829444,
        790.6196511390635,
        2640.2614781865836,
        2625.4560284221025,
        1111.7656299092073,
        1907.5020401238587,
        -9.371397209080591,
        1665.1521119435301,
        381.2383755972154,
        345.30181853119257,
        777.9640100734302,
        360.5182432090493,
        3047.773959409526,
        3458.0055551182213,
        883.19272157923,
        111.03546895229773,
        25.506237708038714,
        -74.57008796697914
      ],
      "state_estimation_error_mean": 0.1409888233566818,
      "state_estimation_error_std": 0.0729416249978159,
      "error_metric": "mean_absolute_state_estimation_error"
    },
    "told": {
      "method": "TOLD",
      "n_episodes": 50,
      "reward_mean": 1157.706639738988,
      "reward_std": 1139.687242977586,
      "reward_median": 818.259093160134,
      "reward_ci_95_lower": 857.7318015869268,
      "reward_ci_95_upper": 1481.4826865795058,
      "reward_min": -0.40788184994593224,
      "reward_max": 4137.037118244227,
      "rewards_raw": [
        2712.2204401484846,
        181.2915366498019,
        1338.5299184516246,
        533.3564052335915,
        195.15365356057032,
        531.1545660330002,
        1939.8648837210612,
        2254.66078415201,
        929.8651262409239,
        93.21828624106385,
        1605.8518559274319,
        1286.041430080234,
        143.38521284554923,
        2600.8582982334883,
        1449.419625446506,
        390.3733480731802,
        359.46244766413355,
        4137.037118244227,
        83.49111442018015,
        3788.7106630758253,
        444.3816627658721,
        337.0042136100378,
        69.66186163394181,
        786.3139164423195,
        3023.094080981619,
        907.35376377456,
        231.965224204536,
        267.4687738674661,
        3132.628986753415,
        74.91441345073892,
        143.5516831710068,
        850.2042698779485,
        1278.0017686048493,
        855.1898430950778,
        479.1012909133168,
        3768.7100490353496,
        2001.716099619398,
        259.29576066681295,
        661.7204769883879,
        1049.8992344236494,
        -0.40788184994593224,
        1631.0951214229033,
        1719.3777137155357,
        772.1303854187374,
        984.4453652183365,
        1421.9796977557924,
        108.95109918980212,
        32.80820258094227,
        452.74642635153504,
        3586.0817688225725
      ],
      "state_estimation_error_mean": 0.1207461108080164,
      "state_estimation_error_std": 0.07019381647797515,
      "error_metric": "mean_absolute_state_estimation_error"
    }
  },
  "comparisons": {
    "rssm_vs_frozen": {
      "label": "RSSM vs Frozen",
      "method_a": "RSSM",
      "method_b": "Frozen Baseline",
      "mean_a": 1457.0044393830776,
      "mean_b": 143.82832726802596,