{
  "experiment": "sota_baselines",
  "env_id": "Walker2d-v4",
  "n_episodes": 50,
  "dropout_duration": 5,
  "seed": 789,
  "train_seed": 789,
  "eval_seed": 10789,
  "methods": {
    "oracle": {
      "method": "Oracle (no dropout)",
      "n_episodes": 50,
      "reward_mean": 3763.8046553893987,
      "reward_std": 409.67360322594436,
      "reward_median": 3883.814890918091,
      "reward_ci_95_lower": 3642.5418657413275,
      "reward_ci_95_upper": 3866.5101436569817,
      "reward_min": 2321.008261863123,
      "reward_max": 4037.0717247613507,
      "rewards_raw": [
        2695.257255064957,
        3949.540623149313,
        3773.3758087471874,
        3866.1064716031697,
        4006.0628090179503,
        3866.1965725469313,
        3905.1287777545963,
        3928.2146946107705,
        2465.507654832997,
        3916.048566056219,
        3934.859041198222,
        3882.701261369772,
        3862.1182143351566,
        3778.1619354320787,
        2321.008261863123,
        3972.817708750003,
        3848.114879971915,
        3937.1036111605713,
        3913.0796188173026,
        3873.947918545339,
        3965.608681813611,
        3746.4973960625007,
        2922.891389957048,
        3915.080838464283,
        3859.5024429154932,
        3731.8314970288748,
        3876.065505627486,
        3952.123685433989,
        3893.1606221460743,
        3988.050951825442,
        3936.706775672849,
        3943.4463060171665,
        3812.040860625172,
        3878.056278132064,
        4037.0717247613507,
        3866.9955443081676,
        3927.930903593375,
        3997.5670278589814,
        3838.3743396612736,
        3935.7881582440596,
        3981.722606971745,
        3997.6787259642574,
        3811.086701630998,
        3832.913441552956,
        3802.0161534302774,
        3884.92852046641,
        3807.6992393415276,
        3950.510643653887,
        3904.2596666019103,
        2497.274454879109
      ]
    },
    "frozen": {
      "method": "Frozen Baseline",
      "n_episodes": 50,
      "reward_mean": 1543.244872279756,
      "reward_std": 1059.3508612657977,
      "reward_median": 1389.5542536975681,
      "reward_ci_95_lower": 1269.2751435974521,
      "reward_ci_95_upper": 1852.8653507671017,
      "reward_min": 109.9090498362482,
      "reward_max": 4266.170354358676,
      "rewards_raw": [
        2254.523964063087,
        1042.1218746766713,
        536.1123168723149,
        877.7274312010462,
        1739.7538000398374,
        661.5798806840272,
        4127.121908202374,
        1832.2702205945106,
        1731.273416726104,
        1451.005603665593,
        429.24936070945444,
        641.8858771657915,
        109.9090498362482,
        1116.0974059811924,
        1513.2961831492635,
        1345.7067270804325,
        1940.1374183859393,
        488.75953532652926,
        1123.6723983689287,
        755.7024757626793,
        3001.283133935352,
        2519.6735722734725,
        1538.963947439512,
        1634.6827457636975,
        1544.8931830577596,
        1433.4017803147035,
        2017.8186701548043,
        1071.1120311362656,
        856.9796158351511,
        688.9765696945085,
        576.9006792396943,
        2236.869558439283,
        2103.676555245697,
        534.6567135712228,
        305.6578744575961,
        162.43580094668573,
        1699.695494349943,
        4138.333491292117,
        628.4097403016493,
        4266.170354358676,
        747.0481250101645,
        877.8299254652185,
        654.2457330338926,
        3527.154037099335,
        814.6040359128816,
        929.9820172492787,
        2434.819985154218,
        2771.861995865872,
        2464.8164436528814,
        3261.382955244247
      ],
      "state_estimation_error_mean": 1.1578512005937207,
      "state_estimation_error_std": 1.0524383528833439,
      "error_metric": "mean_absolute_state_estimation_error"
    },
    "rssm": {
      "method": "RSSM",
      "n_episodes": 50,
      "reward_mean": 334.3134121570371,
      "reward_std": 240.0377270029058,
      "reward_median": 264.63141715817835,
      "reward_ci_95_lower": 273.24389811298295,
      "reward_ci_95_upper": 404.2273095675433,
      "reward_min": 106.76019296235462,
      "reward_max": 1132.1656412747093,
      "rewards_raw": [
        527.5916633946665,
        444.9986176059649,
        270.52136224127696,
        472.552870029535,
        303.1675691900856,
        149.78929556406368,
        252.0685577230704,
        471.1627743621733,
        151.9383640368794,
        121.88195877223072,
        141.77904419142243,
        252.32011570755367,
        718.8026265402553,
        352.534442546052,
        572.8157857104248,
        715.5344285338826,
        466.77434713274783,
        126.11023769796655,
        606.0721710418524,
        289.0704409555162,
        209.5448445569102,
        300.8825568370798,
        161.1492083654584,
        120.38634412516018,
        325.225858608322,
        277.5299007985553,
        1132.1656412747093,
        574.1844665015722,
        520.1269629263901,
        183.4104604142029,
        106.87235921351025,
        139.04464472485543,
        181.40093678486548,
        106.79599094213171,
        272.1853714843925,
        117.7058514082262,
        186.56007346304497,
        128.38073450973855,
        216.51532813307043,
        112.45729713333199,
        926.7064426289311,
        235.13654914074505,
        106.76019296235462,
        992.2972667358777,
        268.0222717430475,
        225.87196694800267,
        355.71331299206196,
        188.55499830650427,
        261.24056257330926,
        375.35553863787186
      ],
      "state_estimation_error_mean": 1.0570625052470455,
      "state_estimation_error_std": 0.6576361239440832,
      "error_metric": "mean_absolute_state_estimation_error"
    },
    "told": {
      "method": "TOLD",
      "n_episodes": 50,
      "reward_mean": 334.43049349396927,
      "reward_std": 153.3263234021166,
      "reward_median": 311.4324896426537,
      "reward_ci_95_lower": 293.16983992922445,
      "reward_ci_95_upper": 378.14654256300156,
      "reward_min": 139.71048385745897,
      "reward_max": 674.5277088243124,
      "rewards_raw": [
        176.4346452702132,
        605.6870577976758,
        176.5917469623799,
        177.68181566404002,
        311.3828986386459,
        155.58972162124462,
        170.73571785706392,
        217.89422576557712,
        468.6624553324406,
        347.65486201528586,
        363.5293141698207,
        479.0711158264572,
        306.7213097533755,
        227.3347836765244,
        149.47472593669357,
        460.71449072659175,
        178.71176365419976,
        139.71048385745897,
        646.3579169890694,
        327.0767041165579,
        182.16620941529663,
        321.4446459161521,
        311.48208064666153,
        186.96286658299636,
        324.20707509176543,
        495.34947233286175,
        293.71185859654827,
        603.9922868405406,
        211.83606625686505,
        304.5249263950689,
        538.1383119885437,
        185.4939765762648,
        611.4478491714539,
        347.06738532264944,
        244.0444927847158,
        210.03179475523643,
        430.56965024813707,
        568.0542931528836,
        564.3307461648257,
        246.23238118961268,
        484.1456052842586,
        337.328187019454,
        320.8823612748167,
        176.41850780346837,
        306.7534465202054,
        151.34259760791105,
        216.24840542766268,
        674.5277088243124,
        404.55267056399936,
        381.2190593119788
      ],
      "state_estimation_error_mean": 1.1531653656661924,
      "state_estimation_error_std": 0.6522504010814095,
      "error_metric": "mean_absolute_state_estimation_error"
    }
  },
  "comparisons": {
    "rssm_vs_frozen": {
      "label": "RSSM vs Frozen",
      "method_a": "RSSM",
      "method_b": "Frozen Baseline",
      "mean_a": 334.3134121570371,