{
  "experiment": "sota_baselines",
  "env_id": "Hopper-v4",
  "n_episodes": 50,
  "dropout_duration": 5,
  "seed": 123,
  "train_seed": 123,
  "eval_seed": 10123,
  "methods": {
    "oracle": {
      "method": "Oracle (no dropout)",
      "n_episodes": 50,
      "reward_mean": 1116.7319117039667,
      "reward_std": 87.2295970904685,
      "reward_median": 1106.5848321871567,
      "reward_ci_95_lower": 1101.0233372380067,
      "reward_ci_95_upper": 1143.6804528383987,
      "reward_min": 1058.8493645958106,
      "reward_max": 1709.5014873613354,
      "rewards_raw": [
        1111.4335474648335,
        1094.8126782488137,
        1118.1134740553475,
        1100.3242087323904,
        1078.5224725725582,
        1094.909056536587,
        1114.6169032656635,
        1058.8493645958106,
        1126.4899774367268,
        1122.0935561795704,
        1091.8638523335956,
        1092.2675412420556,
        1097.634709348568,
        1114.9763772830165,
        1128.243650301798,
        1112.481694002102,
        1091.5926167673338,
        1150.8583446399157,
        1094.856197277581,
        1110.7097967390214,
        1096.1537162481566,
        1091.2346711186478,
        1070.4187762671384,
        1104.6723344191385,
        1116.3093022880805,
        1101.588639166925,
        1709.5014873613354,
        1106.7080559597607,
        1102.092988154434,
        1118.1481049805057,
        1110.228660640776,
        1084.1446115915924,
        1115.3606924544906,
        1096.305313891315,
        1096.7278513629508,
        1084.4199161384488,
        1096.30308305331,
        1090.6093586260617,
        1136.3295386626296,
        1112.7215905467863,
        1079.184782273189,
        1116.163567452273,
        1106.461608414553,
        1130.085334003951,
        1112.441586030313,
        1121.5792985157761,
        1118.4360478687386,
        1112.3088175593587,
        1109.8293914210803,
        1084.4764397033327
      ]
    },
    "frozen": {
      "method": "Frozen Baseline",
      "n_episodes": 50,
      "reward_mean": 358.2261548855095,
      "reward_std": 275.3198837202023,
      "reward_median": 199.00987359725082,
      "reward_ci_95_lower": 283.2106436560964,
      "reward_ci_95_upper": 434.37315831151665,
      "reward_min": 113.62274130012815,
      "reward_max": 972.0180797026223,
      "rewards_raw": [
        140.7272107164574,
        142.6558483149074,
        189.66634081515895,
        693.2147866889178,
        182.048351284147,
        136.13448355656945,
        200.6042575624236,
        172.28886472249778,
        208.57445327420513,
        197.66620172678896,
        702.361199868402,
        761.924757290165,
        899.9780429634983,
        471.67595120733574,
        140.41441715260746,
        210.2521661078161,
        136.37206656973515,
        139.03183054250158,
        113.89318220977094,
        591.374884553994,
        869.2705057978707,
        161.6563253618207,
        476.79260369787244,
        530.7419717968986,
        651.1722236147843,
        114.23799465532828,
        811.5231837039439,
        686.6061042381389,
        216.74645669179236,
        198.90537589009463,
        862.0351284888247,
        195.0858749586109,
        116.76516413722292,
        141.90165146054795,
        140.3169098943018,
        113.62274130012815,
        119.00089821506582,
        134.45021311136995,
        202.46771231734652,
        534.5360971172294,
        165.78384322698412,
        653.5855946231247,
        367.5951149842926,
        972.0180797026223,
        134.59738841575458,
        720.3191476428406,
        199.11437130440703,
        115.99809806110943,
        702.9898707471391,
        170.61180199010795
      ],
      "state_estimation_error_mean": 0.6685227112606917,
      "state_estimation_error_std": 0.565781894330665,
      "error_metric": "mean_absolute_state_estimation_error"
    },
    "rssm": {
      "method": "RSSM",
      "n_episodes": 50,
      "reward_mean": 81.21666735784645,
      "reward_std": 27.383049662377406,
      "reward_median": 65.25855291941976,
      "reward_ci_95_lower": 74.29130793223479,
      "reward_ci_95_upper": 89.29036194566467,
      "reward_min": 54.699110604069205,
      "reward_max": 197.81739343129965,
      "rewards_raw": [
        63.81392358340877,
        56.33952496180383,
        61.94898808879934,
        68.9509506363009,
        95.37580901965009,
        68.54838243060135,
        61.749014614304855,
        59.830377499714615,
        61.9293503765227,
        100.53688904340405,
        103.45614112155745,
        61.389986780512,
        56.91164706004738,
        58.055140422899086,
        64.8376467149149,
        94.32770559441796,
        61.877194207857436,
        197.81739343129965,
        63.60344277142832,
        54.699110604069205,
        106.16608046474431,
        63.45182897139691,
        93.76096336621299,
        92.86578360151621,
        61.83771622240438,
        95.96326050112427,
        60.28245346728396,
        56.35149415033707,
        61.51907556023991,
        63.26625225670762,
        65.67945912392462,
        101.31753996842562,
        57.8702886051159,
        57.94907575201093,
        90.84390215685015,
        108.66632312715036,
        62.11775792203389,
        112.43421776181751,
        64.07197809375822,
        57.0360831178875,
        93.68088657686084,
        57.599536131471446,
        101.15678200109856,
        119.18682885401103,
        114.46241870259293,
        93.63365911603007,
        113.08141408273863,
        93.07440209675315,
        129.68880561272178,
        95.81848156358708
      ],
      "state_estimation_error_mean": 0.6079757406388046,
      "state_estimation_error_std": 0.31101017427133265,
      "error_metric": "mean_absolute_state_estimation_error"
    },
    "told": {
      "method": "TOLD",
      "n_episodes": 50,
      "reward_mean": 100.23331292405784,
      "reward_std": 35.88248158877515,
      "reward_median": 90.37452167413772,
      "reward_ci_95_lower": 90.54657223838748,
      "reward_ci_95_upper": 110.21508547215132,
      "reward_min": 43.572125828655395,
      "reward_max": 181.03922150869468,
      "rewards_raw": [
        116.87926770462602,
        88.03025287620603,
        177.02927775900218,
        89.8018426378329,
        103.06044188436593,
        89.68121835490348,
        176.64049405650275,
        104.11291062827408,
        161.38120356384107,
        177.87663842796763,
        93.30352672363321,
        90.67197285195262,
        121.97792001814946,
        86.20305269928735,
        45.90877596632919,
        47.840427306768575,
        45.765332091317376,
        88.77621273510057,
        90.88587137088288,
        90.1366473008022,
        181.03922150869468,
        90.803290796305,
        88.40111118214845,
        121.97141899114946,
        85.89224739455821,
        96.44599032177082,
        173.63572524840023,
        87.93988951297922,
        87.90329882542244,
        82.62008671528655,
        128.70393001872645,
        86.08809529593546,
        96.44714687426632,
        90.56143518896798,
        95.67989772081259,
        88.16767907689774,
        93.57384667065307,
        88.51639653746429,
        178.3604128890476,
        46.14561950536865,
        93.29565568267088,
        85.66108087029687,
        48.241000951853756,
        90.17147063927233,
        87.84348550250296,
        90.33065981714903,
        119.92002300204116,
        90.41838353112641,
        43.572125828655395,
        87.35173314472209
      ],
      "state_estimation_error_mean": 0.46817736734816706,
      "state_estimation_error_std": 0.18375101166621569,
      "error_metric": "mean_absolute_state_estimation_error"
    }
  },
  "comparisons": {
    "rssm_vs_frozen": {
      "label": "RSSM vs Frozen",
      "method_a": "RSSM",
      "method_b": "Frozen Baseline",
      "mean_a": 81.21666735784645,