{
  "experiment": "sota_baselines",
  "env_id": "Ant-v4",
  "n_episodes": 50,
  "dropout_duration": 5,
  "seed": 42,
  "train_seed": 42,
  "eval_seed": 10042,
  "methods": {
    "oracle": {
      "method": "Oracle (no dropout)",
      "n_episodes": 50,
      "reward_mean": 4709.648378509696,
      "reward_std": 1187.118066013599,
      "reward_median": 5101.570886210018,
      "reward_ci_95_lower": 4349.174515884413,
      "reward_ci_95_upper": 5000.023496376929,
      "reward_min": 14.045381614727587,
      "reward_max": 5540.216838211285,
      "rewards_raw": [
        4938.529153415388,
        5156.636876745737,
        5146.908697056593,
        5246.783967619048,
        5270.058647047473,
        4984.3943439876775,
        5187.677751238298,
        5287.420774362281,
        4804.69933663494,
        4998.047926603004,
        1325.0573356268078,
        14.045381614727587,
        2518.3755617897505,
        4934.464173435811,
        5177.814592356823,
        4213.736303796793,
        5092.683929155077,
        4745.790358127227,
        5108.090432957524,
        5184.21467516525,
        5108.560212738518,
        5044.434268036148,
        2953.3746839873734,
        5323.053143650507,
        5128.349045708132,
        5253.653301695478,
        5147.644363378028,
        5156.893822959659,
        5134.3023462274,
        5131.002925725628,
        5250.415506568595,
        5260.08086821431,
        5242.320524822372,
        4822.680494792058,
        4974.478317639882,
        4990.832698006753,
        4983.690326403412,
        5332.196821883328,
        5016.478390256083,
        5209.489820499938,
        5095.051339462511,
        5088.6262972445475,
        328.36277736298905,
        4308.279547227124,
        4998.708119312398,
        5044.3924996333835,
        5540.216838211285,
        5256.448585792721,
        5243.278886018439,
        4779.6919332895895
      ]
    },
    "frozen": {
      "method": "Frozen Baseline",
      "n_episodes": 50,
      "reward_mean": 198.82805211715038,
      "reward_std": 219.24798258906185,
      "reward_median": 110.81944474848518,
      "reward_ci_95_lower": 142.70687371090193,
      "reward_ci_95_upper": 265.10373236481405,
      "reward_min": -62.65055906585799,
      "reward_max": 1095.8657697488247,
      "rewards_raw": [
        408.86877998594406,
        71.03130245606798,
        271.0992850403761,
        311.8514577780243,
        454.9610225440738,
        64.44929641109499,
        214.8214813828363,
        301.3631764971996,
        13.697840765105967,
        90.13940899852317,
        32.72860928184239,
        12.016118879660796,
        289.0740487949778,
        45.7385795342695,
        286.11216273516857,
        311.11265476284814,
        700.2454838064169,
        211.7932765869629,
        163.71635032505503,
        1095.8657697488247,
        61.14484010197207,
        115.23471047900027,
        645.2922255461536,
        323.39896881451864,
        123.5176211887692,
        59.28850025182557,
        64.25166042814922,
        68.51283177532558,
        271.82692289081,
        40.183085705645965,
        81.18593764621359,
        106.40417901797008,
        486.0826318595211,
        19.973871762331065,
        183.84276335453654,
        387.3693572153323,
        26.1549078483623,
        150.43217434823327,
        42.90508516480683,
        57.502493734138675,
        160.53333554855882,
        -62.65055906585799,
        278.1107272848257,
        38.10585462605851,
        608.6849002869986,
        39.21042641240702,
        66.5694916060936,
        34.78518027842529,
        13.65196493117836,
        99.21040849994118
      ],
      "state_estimation_error_mean": 0.12776353874601057,
      "state_estimation_error_std": 0.16514676471869177,
      "error_metric": "mean_absolute_state_estimation_error"
    },
    "rssm": {
      "method": "RSSM",
      "n_episodes": 50,
      "reward_mean": 1375.6463764125976,
      "reward_std": 1162.505164799411,
      "reward_median": 1191.4234536829238,
      "reward_ci_95_lower": 1059.179881864411,
      "reward_ci_95_upper": 1700.197758177153,
      "reward_min": -10.459622107412287,
      "reward_max": 4669.706275902296,
      "rewards_raw": [
        3105.746668545147,
        1081.6497601101664,
        3099.7997163998843,
        10.373411281967174,
        2105.77701433258,
        2113.092698795708,
        367.03430754858607,
        1384.88654796204,
        3200.1614304264294,
        350.11541687418315,
        394.8385752407146,
        1283.1632838079656,
        944.490862920392,
        68.370215122013,
        2348.569956437388,
        1335.0498527823254,
        146.6490641177872,
        4669.706275902296,
        1915.6228179811326,
        1811.930454123149,
        3083.624220091136,
        882.9729803741777,
        3275.8566406091045,
        2769.303442743673,
        2162.0901616294127,
        362.3644986540621,
        93.25803675997591,
        1864.4169444212926,
        533.2257463259189,
        -10.459622107412287,
        958.9757580282314,
        1716.172758806095,
        70.33033171490302,
        2069.8784099865534,
        742.7070277474603,
        179.03459899529616,
        432.2390858870018,
        2281.413512977667,
        2862.979842762042,
        2432.4228510448193,
        256.214789238633,
        1422.0776226622968,
        2726.721278805089,
        38.16260352254175,
        1099.683623557882,
        1922.2898161254523,
        598.6318476426443,
        17.365925529106647,
        160.93050383291467,
        40.405251550045136
      ],
      "state_estimation_error_mean": 0.14013243370331557,
      "state_estimation_error_std": 0.06901608027807976,
      "error_metric": "mean_absolute_state_estimation_error"
    },
    "told": {
      "method": "TOLD",
      "n_episodes": 50,
      "reward_mean": 1110.273849464698,
      "reward_std": 1328.1920761286394,
      "reward_median": 551.7067932600637,
      "reward_ci_95_lower": 766.0783865569293,
      "reward_ci_95_upper": 1489.6999753465536,
      "reward_min": 81.20802978801137,
      "reward_max": 4681.341391397123,
      "rewards_raw": [
        89.68257256793363,
        322.60098608066096,
        1068.7549588997167,
        106.56644480449316,
        3495.543965274747,
        97.14373359846365,
        3498.3678733712154,
        1950.5076115460056,
        343.99471546222907,
        111.88387157775239,
        715.4722562086403,
        436.69461440425573,
        1252.8214589228944,
        4490.138208859842,
        836.0827101681344,
        92.00670244914139,
        2233.2341119697667,
        144.15963251302804,
        4326.185021435916,
        2039.975653736881,
        98.43713601081068,
        758.0068491432818,
        115.35640990962389,
        168.9919632414505,
        527.5639553568158,
        199.49602555374375,
        106.68574053610776,
        1409.3882930861125,
        89.98518296357896,
        84.50108688049193,
        100.85693766025742,
        557.7711326504975,
        1410.5584094809547,
        1747.549823632916,
        1597.3385550992612,
        4269.377683499557,
        90.74762891309418,
        2798.1388205710814,
        648.4820467630325,
        1028.7986316024214,
        2114.350785217564,
        81.20802978801137,
        1166.6433572139722,
        298.48407160738753,
        893.8310210284496,
        97.08514310871962,
        4681.341391397123,
        83.59841425744317,
        545.6424538696299,
        91.65838933979252
      ],
      "state_estimation_error_mean": 0.13568857365885217,
      "state_estimation_error_std": 0.03011680880216796,
      "error_metric": "mean_absolute_state_estimation_error"
    }
  },
  "comparisons": {
    "rssm_vs_frozen": {
      "label": "RSSM vs Frozen",
      "method_a": "RSSM",
      "method_b": "Frozen Baseline",
      "mean_a": 1375.6463764125976,
      "mean_b": 198.82805211715038,