{
  "experiment": "sota_baselines",
  "env_id": "Hopper-v4",
  "n_episodes": 50,
  "dropout_duration": 5,
  "seed": 42,
  "train_seed": 42,
  "eval_seed": 10042,
  "methods": {
    "oracle": {
      "method": "Oracle (no dropout)",
      "n_episodes": 50,
      "reward_mean": 1165.0960195208916,
      "reward_std": 351.12835352541475,
      "reward_median": 1107.6280659706472,
      "reward_ci_95_lower": 1102.1749515920612,
      "reward_ci_95_upper": 1272.8385796866025,
      "reward_min": 1052.033696803386,
      "reward_max": 3539.663488155781,
      "rewards_raw": [
        1110.6078935905227,
        1095.4372812561614,
        1092.0385280561002,
        1379.2129797496639,
        1105.4765453758016,
        1114.5578139546915,
        1094.4057839931274,
        1108.2178586944342,
        1107.03827324686,
        1076.7867568210568,
        1103.410543274578,
        1110.4232472476865,
        1115.4745435649295,
        1137.1459979650774,
        1120.764866321513,
        1091.2717836178206,
        1114.5291702577015,
        1120.1097380127533,
        1113.8130755703128,
        1112.4758652338014,
        1088.0699997332063,
        1078.2484161820605,
        1094.6341730411023,
        1111.1403812251424,
        1112.8778811158336,
        1088.285290647666,
        1118.723990935289,
        1093.639275524742,
        1557.4094586412007,
        1095.7048876209642,
        1076.6464581227458,
        1110.9878610759934,
        1098.3788845264703,
        1114.438685400856,
        1110.6970486527828,
        1105.7207101538008,
        1112.1328806950826,
        1098.2108774818726,
        1052.033696803386,
        1063.9098042365717,
        1096.926991423654,
        3539.663488155781,
        1111.8664678092046,
        1120.6657270896599,
        1097.6464307378367,
        1063.8347332354267,
        1076.5431422329664,
        1129.3906009008222,
        1104.0441001930521,
        1109.1300866448123
      ]
    },
    "frozen": {
      "method": "Frozen Baseline",
      "n_episodes": 50,
      "reward_mean": 466.107638128773,
      "reward_std": 370.44667852643255,
      "reward_median": 491.72614007495815,
      "reward_ci_95_lower": 366.7775498048349,
      "reward_ci_95_upper": 569.8633325556806,
      "reward_min": 114.0817702171411,
      "reward_max": 1745.8877291133783,
      "rewards_raw": [
        114.08924183161623,
        142.92199050787974,
        188.59563128053094,
        114.67014429079845,
        616.4262063833464,
        196.4677880966116,
        971.5371270702576,
        114.2532876751493,
        553.1071176097754,
        117.57785926430608,
        648.5457377456764,
        482.04182349510734,
        838.3922304136772,
        889.9210022131929,
        945.1822535744305,
        899.0824872910505,
        143.79032308757525,
        707.4241488410036,
        114.18978429718646,
        135.68931909626033,
        133.23602446880298,
        143.11714836846383,
        161.26257668776196,
        916.2151501489687,
        1745.8877291133783,
        635.5253975088021,
        174.99331454685748,
        528.6012848269748,
        116.65148310481632,
        139.15873298756082,
        135.84433535113735,
        140.72122130463083,
        707.6333234798136,
        564.5778351645882,
        555.1591860350718,
        901.1468995318892,
        114.0817702171411,
        141.85433481695165,
        138.56067840221914,
        138.38028822494988,
        591.653022179791,
        114.19162789989029,
        599.0552733883557,
        986.3917750797829,
        975.3892266913489,
        137.46146969164963,
        640.110462973082,
        617.9631206990456,
        975.2412528246809,
        501.41045665480897
      ],
      "state_estimation_error_mean": 0.6655734795435456,
      "state_estimation_error_std": 0.5753813226745549,
      "error_metric": "mean_absolute_state_estimation_error"
    },
    "rssm": {
      "method": "RSSM",
      "n_episodes": 50,
      "reward_mean": 54.59403930587243,
      "reward_std": 52.21291071131628,
      "reward_median": 43.09324269443131,
      "reward_ci_95_lower": 41.53158906127939,
      "reward_ci_95_upper": 69.88681221210251,
      "reward_min": 17.014474305265935,
      "reward_max": 215.17295617094885,
      "rewards_raw": [
        20.62098830883241,
        24.322838554674505,
        30.808629633317533,
        52.41125871464597,
        41.280374009669316,
        205.91837054951918,
        65.05683229405328,
        20.828393215802762,
        20.55539588892224,
        20.70359572035876,
        211.16384156872215,
        20.982079663534734,
        133.47165764494687,
        46.689228159516176,
        50.338112147842146,
        53.575213531224044,
        74.57848918647267,
        24.060421921779408,
        60.44059347772726,
        21.778144668993587,
        17.014474305265935,
        133.742127234518,
        20.690155976861472,
        45.24255586113521,
        18.824406905614698,
        21.15424788782336,
        50.17539697859391,
        18.811664274005167,
        62.619984192191055,
        45.44471230639167,
        53.93960158984719,
        39.19999125922467,
        21.980592751468823,
        23.459331908763172,
        58.36436200451609,
        63.27241945572879,
        28.877537362349358,
        22.021696220024225,
        201.9187726729244,
        20.752099054488333,
        22.24607724079165,
        20.635428330271548,
        53.61442500891128,
        17.355510978959508,
        60.140980668286424,
        52.67779718910808,
        28.67468444585945,
        215.17295617094885,
        47.18740481900119,
        44.90611137919331
      ],
      "state_estimation_error_mean": 0.35485197866679336,
      "state_estimation_error_std": 0.23054434038495758,
      "error_metric": "mean_absolute_state_estimation_error"
    },
    "told": {
      "method": "TOLD",
      "n_episodes": 50,
      "reward_mean": 200.50330433192613,
      "reward_std": 43.11743465396004,
      "reward_median": 203.48428015994278,
      "reward_ci_95_lower": 188.01881874952997,
      "reward_ci_95_upper": 211.96145277781088,
      "reward_min": 77.95699864334235,
      "reward_max": 316.39895522807234,
      "rewards_raw": [
        204.76903368357827,
        200.2075973405415,
        197.00869893096197,
        304.63032801921827,
        77.95699864334235,
        203.10454297595996,
        205.19086243478387,
        204.05330226931753,
        203.41030871539382,
        246.92221066778305,
        196.4596181050921,
        195.69343772653488,
        204.88398462837128,
        80.3332314213039,
        203.1602553389049,
        80.07229451426633,
        203.11978653503036,
        204.65380412249147,
        316.39895522807234,
        203.07732528454977,
        203.03534303674996,
        205.32580468073044,
        193.1342901996733,
        203.15708269223563,
        201.40983367549612,
        245.83819552882136,
        198.35699757581924,
        205.35854544574744,
        195.97469550516158,
        207.72682405184372,
        199.9412929651817,
        82.65093585024607,
        206.41550221585362,
        203.80520813666413,
        204.71674571774636,
        202.57150289078072,
        205.4571736523606,
        193.94374010967712,
        205.9266455040427,
        247.90786385538073,
        208.12913553871766,
        200.20172646528488,
        241.18193311850882,
        192.76048670531745,
        205.59779849170553,
        209.89439390590704,
        207.73818225383056,
        203.55825160449177,
        205.51447621993836,
        202.82803241689342
      ],
      "state_estimation_error_mean": 0.42075499705165065,
      "state_estimation_error_std": 0.19674119259232437,
      "error_metric": "mean_absolute_state_estimation_error"
    }
  },
  "comparisons": {
    "rssm_vs_frozen": {
      "label": "RSSM vs Frozen",
      "method_a": "RSSM",
      "method_b": "Frozen Baseline",