{
  "experiment": "sota_baselines",
  "env_id": "Walker2d-v4",
  "n_episodes": 50,
  "dropout_duration": 5,
  "seed": 123,
  "train_seed": 123,
  "eval_seed": 10123,
  "methods": {
    "oracle": {
      "method": "Oracle (no dropout)",
      "n_episodes": 50,
      "reward_mean": 3869.7285041013583,
      "reward_std": 72.05847247570073,
      "reward_median": 3872.9213513361074,
      "reward_ci_95_lower": 3849.392835412751,
      "reward_ci_95_upper": 3889.2662347407936,
      "reward_min": 3708.8045050315513,
      "reward_max": 4039.2255787416566,
      "rewards_raw": [
        3878.5964364485817,
        3929.832051078043,
        3900.7031737738503,
        3855.618330490078,
        3852.577808528216,
        3888.207927185794,
        3817.4990951034238,
        3898.5435200175157,
        3837.9288126691968,
        3937.076133981829,
        3792.221922172581,
        3818.4126401563917,
        3915.828224981871,
        3936.2312464810348,
        3777.8811772183194,
        3861.8425475688978,
        3952.492897211341,
        3849.9335704776945,
        3734.5129463931003,
        3919.649231888985,
        3839.213846617327,
        3934.481668716666,
        3860.850416148172,
        3917.928366814341,
        3889.0803335791634,
        3808.46251429947,
        4039.2255787416566,
        3875.0132761115906,
        3863.692578750432,
        3949.6180547794806,
        3886.7491832821765,
        3929.6720161700982,
        3927.770454695244,
        3741.0407206573655,
        3855.5460457413083,
        3708.8045050315513,
        3925.7183125146407,
        3766.7975160653573,
        3971.7047751492105,
        3825.7774604090187,
        3746.4638813704664,
        3986.247139865944,
        3886.365492387752,
        3866.312396728349,
        3823.6213313924604,
        3939.6872013620928,
        3937.4180939385883,
        3715.2070907135353,
        3870.829426560624,
        3841.535832647058
      ]
    },
    "frozen": {
      "method": "Frozen Baseline",
      "n_episodes": 50,
      "reward_mean": 1287.1477817132763,
      "reward_std": 938.0451098496785,
      "reward_median": 1046.7757582736635,
      "reward_ci_95_lower": 1041.937180993953,
      "reward_ci_95_upper": 1557.4836058614346,
      "reward_min": 143.85219356598327,
      "reward_max": 4077.250439802279,
      "rewards_raw": [
        556.0244798620165,
        1845.8040425255556,
        702.632524089219,
        2284.5519504494405,
        596.0973390513024,
        1734.6721289719096,
        2446.795473805433,
        4077.250439802279,
        730.6738948946214,
        1997.6632778341016,
        997.6319510500056,
        1254.7237126595305,
        916.8679246473586,
        4036.2962028783436,
        698.0038814815632,
        534.1171481785829,
        1531.2540729602606,
        528.4875020616068,
        1133.7571797653216,
        487.227924010928,
        946.6910685387701,
        1104.267410986527,
        2475.746368936713,
        672.8695810250707,
        611.1893316353252,
        833.0177954227514,
        2577.175232134723,
        824.7996989071657,
        2173.202684814888,
        1215.195613519031,
        476.99932845090206,
        479.87908080340765,
        2560.1429125698596,
        175.06579094702795,
        542.9470037129897,
        625.1621447090928,
        1381.066942010012,
        1095.9195654973216,
        1588.9121462109595,
        387.50483944798697,
        3672.3224618346567,
        509.04850187184206,
        143.85219356598327,
        1132.6206544655379,
        1540.247111302086,
        1685.9857118825842,
        1486.4502524787779,
        567.2824571684977,
        555.8505898759857,
        1225.4415599579559
      ],
      "state_estimation_error_mean": 1.108189866672029,
      "state_estimation_error_std": 1.031824466319895,
      "error_metric": "mean_absolute_state_estimation_error"
    },
    "rssm": {
      "method": "RSSM",
      "n_episodes": 50,
      "reward_mean": 522.8332507176627,
      "reward_std": 470.9251463006738,
      "reward_median": 366.7311069002235,
      "reward_ci_95_lower": 401.9171464102164,
      "reward_ci_95_upper": 662.1472948784192,
      "reward_min": 79.67319213924091,
      "reward_max": 2231.5580543446827,
      "rewards_raw": [
        916.427323241826,
        148.85698989014125,
        2231.5580543446827,
        244.24971908235847,
        398.88276084216767,
        806.2368337569394,
        306.72604899037816,
        102.67303753433158,
        378.6938548584237,
        739.9957533411217,
        596.2749061815437,
        430.25094392150015,
        171.1239584688509,
        706.8180351530127,
        1089.942289748128,
        196.77646137580155,
        850.2350788490874,
        553.3814165896825,
        681.1866338118612,
        162.0224805788759,
        1022.1256334971796,
        1565.8419618403052,
        271.5479686444069,
        1103.8557337347208,
        117.35434986645353,
        613.8838530872524,
        146.96336241318613,
        887.183649458269,
        731.9570147922482,
        919.3252356282692,
        109.60821059990604,
        79.67319213924091,
        410.7421567856327,
        206.5523418644467,
        171.45920663089004,
        865.8021379171435,
        185.62075567086026,
        1838.8949390124994,
        905.8548291629772,
        92.7257589321812,
        123.5176068584846,
        87.16834805617697,
        354.76835894202327,
        393.7785194310928,
        199.94312603218256,
        129.78742322484544,
        292.2444756470057,
        106.48521737621472,
        176.93106637312036,
        317.75352170320906
      ],
      "state_estimation_error_mean": 0.8920486380436277,
      "state_estimation_error_std": 0.5851649123289325,
      "error_metric": "mean_absolute_state_estimation_error"
    },
    "told": {
      "method": "TOLD",
      "n_episodes": 50,
      "reward_mean": 365.5888093201874,
      "reward_std": 277.00769622600745,
      "reward_median": 364.23080846130784,
      "reward_ci_95_lower": 290.80971688973244,
      "reward_ci_95_upper": 445.97750454032825,
      "reward_min": -4.6020058192600475,
      "reward_max": 1498.586576746095,
      "rewards_raw": [
        105.56763471191859,
        591.8104135196916,
        402.78279328166644,
        506.3992054592101,
        698.4973887410835,
        435.76107962685484,
        276.4706929553332,
        441.5259491735501,
        625.4741800671832,
        463.6913825397035,
        713.6493783743252,
        140.48731442136477,
        527.6452674141717,
        213.38309515056312,
        271.97825291621524,
        317.98209867696823,
        124.1911445120794,
        458.12748006701577,
        58.48448804093893,
        111.39930873523497,
        550.5857557335331,
        515.7199688071087,
        59.53224249224719,
        41.69379476414061,
        357.4550111678065,
        528.0649491665312,
        53.499897164650534,
        444.3995111238405,
        545.6508738521097,
        504.9709714336305,
        762.1628438353717,
        281.2235131652086,
        71.24436304265753,
        283.9431832047784,
        449.248995064801,
        125.25393473848244,
        15.613990383186026,
        94.93695378543352,
        452.5204574028763,
        1498.586576746095,
        371.0066057548092,
        280.8554420303187,
        317.89039174585935,
        85.25226771343168,
        61.085723476324894,
        483.77022449941967,
        870.1293670689265,
        -4.6020058192600475,
        592.6520700720151,
        99.78404400796894
      ],
      "state_estimation_error_mean": 1.2140433125404795,
      "state_estimation_error_std": 0.8070146804644299,
      "error_metric": "mean_absolute_state_estimation_error"
    }
  },
  "comparisons": {
    "rssm_vs_frozen": {
      "label": "RSSM vs Frozen",
      "method_a": "RSSM",
      "method_b": "Frozen Baseline",
      "mean_a": 522.8332507176627,