{
  "experiment": "sota_baselines",
  "env_id": "Walker2d-v4",
  "n_episodes": 50,
  "dropout_duration": 5,
  "seed": 1024,
  "train_seed": 1024,
  "eval_seed": 11024,
  "methods": {
    "oracle": {
      "method": "Oracle (no dropout)",
      "n_episodes": 50,
      "reward_mean": 3741.616581120594,
      "reward_std": 534.8638808023568,
      "reward_median": 3871.5132529734265,
      "reward_ci_95_lower": 3571.897380688187,
      "reward_ci_95_upper": 3859.3112710339146,
      "reward_min": 566.7746530342826,
      "reward_max": 3986.365173332145,
      "rewards_raw": [
        3892.509240660241,
        3883.974712352977,
        3880.18286071499,
        2487.699911620811,
        3748.422744675029,
        3838.3996217817125,
        3768.773406067398,
        3838.6890298649946,
        3865.1087611489775,
        3805.3712139164268,
        3804.851582911368,
        3772.3604242513748,
        3980.0008117104653,
        2646.3765233427393,
        3897.970901300841,
        3823.2206321304457,
        3860.755126633051,
        3909.5192604179765,
        3886.5704585485855,
        3886.022587876135,
        3804.618283874482,
        3847.279433642591,
        3812.9063520052373,
        3948.814746118146,
        3916.541136664182,
        3932.6428443839823,
        3904.8124350533317,
        3792.950680871227,
        3815.3690833221076,
        3896.6351114359954,
        3918.3442932501925,
        3949.0812005974294,
        3896.7136747808663,
        3848.700997478227,
        3979.4447202680235,
        3710.7505764744083,
        3833.4740486703345,
        3877.917744797875,
        3911.9108592586203,
        3903.004134586903,
        3878.811700535313,
        3953.686927965144,
        566.7746530342826,
        3847.1932856737258,
        3986.365173332145,
        3955.784357658477,
        3930.2915848802995,
        3283.438667861667,
        3841.9940267672746,
        3857.796508860679
      ]
    },
    "frozen": {
      "method": "Frozen Baseline",
      "n_episodes": 50,
      "reward_mean": 1483.4188610789017,
      "reward_std": 1075.2724007693628,
      "reward_median": 1444.2866702359258,
      "reward_ci_95_lower": 1204.853876147649,
      "reward_ci_95_upper": 1783.7581943692242,
      "reward_min": 114.49204797755681,
      "reward_max": 4056.8484294395635,
      "rewards_raw": [
        584.0868001094137,
        2261.679264932197,
        2393.125194425124,
        641.3024033419056,
        129.08441233523607,
        118.02122238820591,
        1826.3441371153397,
        139.0113084478007,
        234.37363201117108,
        1067.8120772572477,
        3144.539578468897,
        572.0678661740552,
        1531.1919069937828,
        1673.7185202909398,
        729.3521688300602,
        958.0670376302053,
        730.2215198694412,
        2123.8450902335403,
        183.15784318330333,
        779.6921909985695,
        781.3092604505315,
        2353.672207366885,
        1803.385611376717,
        562.984718755711,
        339.45652472914855,
        2400.5610347380853,
        823.0632564719627,
        114.49204797755681,
        933.7515756897508,
        764.9762082951636,
        1870.815567639731,
        2075.2438486616925,
        546.954431425193,
        2321.160911328725,
        1438.443407224869,
        4056.8484294395635,
        1537.4965354203312,
        548.451237349905,
        1785.1872633128237,
        3770.987168548964,
        2402.5993882374623,
        1832.6953677288816,
        1450.1299332469828,
        2881.0667815864667,
        728.8594022512549,
        1657.552162062182,
        607.944416403477,
        3980.0834372773243,
        3785.9245914215053,
        2194.1521524898158
      ],
      "state_estimation_error_mean": 1.1672355944820751,
      "state_estimation_error_std": 1.068069200340185,
      "error_metric": "mean_absolute_state_estimation_error"
    },
    "rssm": {
      "method": "RSSM",
      "n_episodes": 50,
      "reward_mean": 459.42040162865976,
      "reward_std": 423.59930043605004,
      "reward_median": 303.08376155880194,
      "reward_ci_95_lower": 352.3539892634227,
      "reward_ci_95_upper": 582.2368741520011,
      "reward_min": 86.0295996898377,
      "reward_max": 2140.4805783781567,
      "rewards_raw": [
        405.1157970511723,
        500.2572243726528,
        186.50179526745245,
        303.61047414477184,
        688.3298992645582,
        106.5655285938071,
        152.2731174785113,
        112.21071378902874,
        568.4797005431025,
        190.41569448302175,
        200.90960945349735,
        302.557048972832,
        418.50214721877455,
        207.1299226406497,
        132.70268470936645,
        121.1127137794207,
        957.90205369081,
        299.1763089228077,
        721.7816562226013,
        184.66778500727014,
        1163.5871758745905,
        1467.83066641075,
        284.1450108795928,
        89.15612202065452,
        787.5071384963076,
        1146.4477124879409,
        104.13399892545918,
        1117.0896366951183,
        117.72649876702354,
        2140.4805783781567,
        109.7026860155956,
        155.18410184084186,
        655.6929672446873,
        343.8460382436392,
        318.88421071107103,
        682.7800998917385,
        520.3416069082868,
        1091.5826996588594,
        104.583888578585,
        348.3837813204279,
        458.04505797205786,
        86.0295996898377,
        284.333570819783,
        876.7221776858829,
        710.2444251188863,
        180.74508095246196,
        240.89592780006683,
        126.27970415057405,
        99.27407834968574,
        399.1619639383223
      ],
      "state_estimation_error_mean": 1.023547181049375,
      "state_estimation_error_std": 0.6247375854976224,
      "error_metric": "mean_absolute_state_estimation_error"
    },
    "told": {
      "method": "TOLD",
      "n_episodes": 50,
      "reward_mean": 205.46616641828297,
      "reward_std": 168.013642000114,
      "reward_median": 163.10162760647364,
      "reward_ci_95_lower": 165.51538022424228,
      "reward_ci_95_upper": 254.97905048885406,
      "reward_min": 92.85203093649268,
      "reward_max": 976.0776569457972,
      "rewards_raw": [
        147.33996243605597,
        134.8098425762112,
        551.2491827128526,
        448.216265475473,
        133.6333246516208,
        252.38219259384175,
        123.81595354699607,
        163.6005797153476,
        162.60267549759965,
        115.9688177775376,
        245.004980103108,
        976.0776569457972,
        181.0914212630854,
        159.14846114961114,
        189.1271386244888,
        155.18042458632198,
        155.6464253795403,
        263.6468041743735,
        92.85203093649268,
        867.5363581037581,
        182.58811406142664,
        100.03328489721922,
        171.17944138647783,
        174.12734748552546,
        167.7624113756866,
        210.0743827453534,
        176.90871143537734,
        124.41317099961137,
        192.98595647801088,
        97.95160076711825,
        183.04886638951152,
        209.91191263582536,
        161.86626409878863,
        123.35561009128018,
        193.46091258555361,
        134.275700281942,
        114.94557351704049,
        269.46593083598395,
        184.37922693837646,
        161.8424571812027,
        190.38026226236107,
        150.8559773572446,
        148.7764118914759,
        109.52990322725958,
        105.2542836680443,
        153.42143891803863,
        177.9567950313656,
        103.26341792798844,
        113.51810634480412,
        166.84434984814231
      ],
      "state_estimation_error_mean": 1.1467812084156674,
      "state_estimation_error_std": 0.7870811752292619,
      "error_metric": "mean_absolute_state_estimation_error"
    }
  },
  "comparisons": {
    "rssm_vs_frozen": {
      "label": "RSSM vs Frozen",
      "method_a": "RSSM",
      "method_b": "Frozen Baseline",
      "mean_a": 459.42040162865976,