{
  "experiment": "sota_baselines",
  "env_id": "Walker2d-v4",
  "n_episodes": 50,
  "dropout_duration": 5,
  "seed": 456,
  "train_seed": 456,
  "eval_seed": 10456,
  "methods": {
    "oracle": {
      "method": "Oracle (no dropout)",
      "n_episodes": 50,
      "reward_mean": 3723.642356967722,
      "reward_std": 413.5251328505301,
      "reward_median": 3847.796086237346,
      "reward_ci_95_lower": 3596.8541442270157,
      "reward_ci_95_upper": 3821.899914312444,
      "reward_min": 1618.3500661729533,
      "reward_max": 4019.449913677324,
      "rewards_raw": [
        3823.5218686020944,
        3899.706731918384,
        3734.299426245278,
        3840.9297534505113,
        3898.2861384602506,
        3704.4034426836106,
        3190.9182059172667,
        3839.9799024140157,
        4019.449913677324,
        3930.745854315205,
        3849.7380750915045,
        3912.7044738382674,
        3852.501139921897,
        3845.8540973831878,
        3892.6031896559707,
        1618.3500661729533,
        3756.296441646321,
        3829.0397190546114,
        3843.997018142698,
        3766.030149455491,
        3121.3394425169927,
        3795.98143953932,
        2881.3412307890626,
        3834.0255297369567,
        3889.929750454023,
        3866.9952494276436,
        3963.9905788728292,
        3880.819443106304,
        3765.1032105787945,
        3780.557866759665,
        4002.7545813567804,
        3807.9135728719366,
        3868.0600611318664,
        3820.418831046578,
        3857.3247345647387,
        3910.1408367073027,
        3959.084846133077,
        3761.3765015885933,
        3372.070229849292,
        3938.7017062914892,
        2965.97805677869,
        3994.0013160164854,
        3895.5428041685605,
        3835.965816094533,
        3889.398284218756,
        3871.61452452015,
        3990.0026830796805,
        2827.2533157935804,
        3932.453161010846,
        3852.6226353347533
      ]
    },
    "frozen": {
      "method": "Frozen Baseline",
      "n_episodes": 50,
      "reward_mean": 1485.2541421559488,
      "reward_std": 1013.0959828539347,
      "reward_median": 1213.428046199444,
      "reward_ci_95_lower": 1218.7179353748204,
      "reward_ci_95_upper": 1771.1527178558933,
      "reward_min": 105.67330547150796,
      "reward_max": 4040.5163449121733,
      "rewards_raw": [
        2824.592472531904,
        3900.1762112730453,
        1576.5086020793449,
        517.8452883531423,
        860.4790251934083,
        686.4931813581047,
        1326.3757434769802,
        781.8545982339006,
        1775.1124871107472,
        1057.2214774417425,
        1214.960663882219,
        3045.9367652481606,
        1863.9784908862118,
        1031.7143486088596,
        3113.8434481930153,
        1854.4952037312119,
        1698.04985966541,
        380.77231599104886,
        640.7644162619143,
        2333.169102253525,
        146.51358016267866,
        948.5977201209505,
        2416.7719621982396,
        1211.895428516669,
        1023.8425740808326,
        1166.6130661204281,
        3307.361956706181,
        1663.0952882538386,
        162.25478810608166,
        105.67330547150796,
        1023.7604400624882,
        4040.5163449121733,
        257.2182260919655,
        955.1961439480477,
        735.5299195123366,
        1528.7215623337881,
        846.8192873396509,
        1552.0502993212463,
        1539.575470281587,
        349.7176582132593,
        774.0211449888232,
        2293.8260139201698,
        925.5608081056619,
        1758.5401643296066,
        363.8264929293274,
        743.0726978696316,
        1817.3696750331205,
        1897.6405942632116,
        3976.0484390227284,
        2246.7323538073056
      ],
      "state_estimation_error_mean": 1.1764924487468296,
      "state_estimation_error_std": 1.0651946183058396,
      "error_metric": "mean_absolute_state_estimation_error"
    },
    "rssm": {
      "method": "RSSM",
      "n_episodes": 50,
      "reward_mean": 446.8412471261873,
      "reward_std": 410.1547643875761,
      "reward_median": 308.98787871305785,
      "reward_ci_95_lower": 344.64763219720925,
      "reward_ci_95_upper": 567.9518062158722,
      "reward_min": 96.50165645249969,
      "reward_max": 2209.6812553022087,
      "rewards_raw": [
        166.21556111539692,
        379.1574341525436,
        453.6921985271965,
        105.32108317445335,
        195.1746473774875,
        411.2208755375555,
        194.88644028461866,
        150.0300945357532,
        426.7365782822313,
        179.69802130906183,
        144.48194333226934,
        230.29582450194573,
        116.83238156285188,
        206.30035867953163,
        537.1434028406217,
        512.1966754239716,
        96.50165645249969,
        412.70498034524434,
        309.699126066797,
        308.2766313593187,
        202.31198597512568,
        1405.6721122554268,
        231.0538856653161,
        687.4245073118828,
        785.0232035914324,
        188.68777327567878,
        211.89361867932908,
        336.1422707272851,
        121.33944739965357,
        883.1349623473305,
        600.2764296066805,
        484.4844145223831,
        211.10135377517494,
        2209.6812553022087,
        176.43994439315205,
        311.63335121216835,
        493.87091733093854,
        368.46146165449966,
        1157.9821426528474,
        765.5533898731613,
        292.9014471267589,
        620.7511740445951,
        102.81465398231443,
        750.7125849069334,
        1191.4530614129678,
        145.891329995541,
        191.98098013754682,
        248.21164511980584,
        168.8475883958072,
        1259.7635487740665
      ],
      "state_estimation_error_mean": 1.0082098485281614,
      "state_estimation_error_std": 0.655930739963886,
      "error_metric": "mean_absolute_state_estimation_error"
    },
    "told": {
      "method": "TOLD",
      "n_episodes": 50,
      "reward_mean": 200.00222680704334,
      "reward_std": 80.24462610624333,
      "reward_median": 165.53446374029977,
      "reward_ci_95_lower": 179.61814554467503,
      "reward_ci_95_upper": 224.45517581609033,
      "reward_min": 118.5170255478573,
      "reward_max": 578.4314644079686,
      "rewards_raw": [
        142.78252089285138,
        174.7076432459373,
        173.9034522643048,
        153.84977608710312,
        135.50976127216606,
        136.72908619303436,
        323.63319413135304,
        254.54357309701598,
        161.0442048951734,
        281.9696486796517,
        153.34554779373647,
        146.2122807448055,
        146.3254773456136,
        578.4314644079686,
        155.34413356922718,
        172.55527103043,
        142.29994989537207,
        226.57206622502963,
        156.25610338125838,
        159.28604988612832,
        171.7219333924509,
        163.1624922968802,
        160.24916638108388,
        144.20280667456896,
        150.49375273130056,
        274.07000351875365,
        118.5170255478573,
        195.36452357374313,
        162.2135193279912,
        147.52170452221372,
        136.80298391844642,
        178.25335450542812,
        267.7024116830475,
        153.7500797455368,
        156.45637602387987,
        248.05297422207295,
        200.82872649624477,
        314.17450468424437,
        252.39370748925123,
        167.90643518371934,
        347.92330245522965,
        266.5480472332197,
        197.11089521924316,
        278.34930278053,
        282.89596765965035,
        189.33123957989318,
        129.73531420248287,
        147.7472467746716,
        149.63750155293175,
        271.69283593743995
      ],
      "state_estimation_error_mean": 0.8313681113251297,
      "state_estimation_error_std": 0.5399234947466884,
      "error_metric": "mean_absolute_state_estimation_error"
    }
  },
  "comparisons": {
    "rssm_vs_frozen": {
      "label": "RSSM vs Frozen",
      "method_a": "RSSM",
      "method_b": "Frozen Baseline",