{
  "experiment": "sota_baselines",
  "env_id": "Walker2d-v4",
  "n_episodes": 50,
  "dropout_duration": 5,
  "seed": 42,
  "train_seed": 42,
  "eval_seed": 10042,
  "methods": {
    "oracle": {
      "method": "Oracle (no dropout)",
      "n_episodes": 50,
      "reward_mean": 3671.0251460118598,
      "reward_std": 557.9789520256599,
      "reward_median": 3848.9507661758807,
      "reward_ci_95_lower": 3502.9185084642386,
      "reward_ci_95_upper": 3806.4824473923777,
      "reward_min": 975.991150934561,
      "reward_max": 4041.9320719116863,
      "rewards_raw": [
        3785.6425386833644,
        3860.7171456439805,
        3865.950522775764,
        3675.137570347207,
        3160.9222988669367,
        3941.1229000255107,
        2453.7375255449033,
        3973.0123131550663,
        3841.1358876679683,
        3921.2052319755317,
        3973.6081046823033,
        3864.871156486814,
        3932.4265247174226,
        3957.576932912141,
        3270.9383936058152,
        2383.149418149709,
        3852.876061403662,
        3743.1670272744304,
        3781.0409914681054,
        3906.57615257496,
        3934.663652882502,
        2928.390682009343,
        4041.9320719116863,
        3865.6435060557533,
        975.991150934561,
        3780.0507908921263,
        3965.491438430229,
        3920.924731125781,
        3823.783176121355,
        3914.528727015219,
        3783.2917352067343,
        2257.4583778038636,
        3717.1741874299487,
        3862.177925432436,
        3799.6759411568196,
        3972.1285138936078,
        3713.5850567680136,
        3933.3755427314586,
        3835.758157671561,
        3982.38728789603,
        3777.3798106617833,
        3869.9814857378688,
        3821.6143874811705,
        3824.718507839291,
        3742.9248358671816,
        3813.02807999439,
        3845.025470948099,
        3906.421293053628,
        3885.232509312394,
        3911.7035683665663
      ]
    },
    "frozen": {
      "method": "Frozen Baseline",
      "n_episodes": 50,
      "reward_mean": 1364.7334525008,
      "reward_std": 1024.4700583387832,
      "reward_median": 1095.4599187650838,
      "reward_ci_95_lower": 1092.6674566585175,
      "reward_ci_95_upper": 1660.6679834846293,
      "reward_min": 56.3114060884298,
      "reward_max": 4143.142640821601,
      "rewards_raw": [
        868.0326306096947,
        2369.217563602036,
        3805.850484936347,
        3157.2410901427065,
        3234.3788628197412,
        967.9016985051381,
        2271.012850663546,
        683.6361083795404,
        862.2840190932067,
        245.35980159081515,
        310.98334157806863,
        1283.7148654564003,
        506.3880484145897,
        660.0980488807772,
        1437.1459688999068,
        174.47374369294403,
        1109.1265943372832,
        935.4653096529839,
        663.3522355356833,
        1167.2005423314374,
        981.8978504464246,
        4143.142640821601,
        874.7028573586554,
        786.119219612282,
        403.4680757196689,
        1175.1736931871546,
        2196.5652260070524,
        1542.8295363087516,
        596.09053505544,
        558.7398163289306,
        2183.1596093413364,
        2023.4791991326008,
        1947.3023745702412,
        2209.835930400808,
        916.6597779361972,
        712.3916145615532,
        152.780651981166,
        1170.2992074782755,
        536.9373096928043,
        1135.0468085639473,
        56.3114060884298,
        1437.0160995213143,
        123.6752749770729,
        709.7407325863338,
        3948.0571146530533,
        3079.3032282874497,
        1454.6969036576302,
        1081.7932431928846,
        1747.4717620974816,
        1639.1211163505982
      ],
      "state_estimation_error_mean": 1.150248538868947,
      "state_estimation_error_std": 1.0626838714271354,
      "error_metric": "mean_absolute_state_estimation_error"
    },
    "rssm": {
      "method": "RSSM",
      "n_episodes": 50,
      "reward_mean": 276.96219785799957,
      "reward_std": 253.882851735804,
      "reward_median": 176.67125487466575,
      "reward_ci_95_lower": 213.21259986331307,
      "reward_ci_95_upper": 352.3671698098037,
      "reward_min": 119.15683326326311,
      "reward_max": 1344.826630081712,
      "rewards_raw": [
        184.9308711798059,
        170.3773577762011,
        225.41619091798162,
        167.694290251538,
        123.93914929955504,
        160.247158659518,
        157.9872569518833,
        223.20494359640242,
        208.41929214421688,
        119.15683326326311,
        174.2172544833933,
        363.85851292022306,
        142.83860273100427,
        169.40180538180354,
        179.56910712483443,
        172.62398140787863,
        182.1709419281801,
        1344.826630081712,
        1061.1748112883736,
        134.66923264722254,
        568.1611470315219,
        153.07494429197345,
        164.55843621113596,
        159.57073233944323,
        205.66659780376648,
        499.256588922679,
        395.89822001076374,
        446.11319535190427,
        257.30936651487883,
        127.23086967673775,
        152.48713164757922,
        179.94478680466895,
        324.4149203127532,
        148.43296667314155,
        1087.3686960428213,
        218.92612282534049,
        144.70408005766302,
        128.59247158527586,
        122.59301283848707,
        352.1510040128793,
        139.12207693889968,
        157.19547073770156,
        272.36300039687364,
        474.2969521161565,
        166.43197025644804,
        179.1252552659382,
        463.02338273380633,
        196.66833312731188,
        146.5986007304985,
        150.10533560593834
      ],
      "state_estimation_error_mean": 0.9300771851628541,
      "state_estimation_error_std": 0.6507163467534711,
      "error_metric": "mean_absolute_state_estimation_error"
    },
    "told": {
      "method": "TOLD",
      "n_episodes": 50,
      "reward_mean": 214.24214371532923,
      "reward_std": 187.48832637808795,
      "reward_median": 146.8005498222168,
      "reward_ci_95_lower": 168.0355308563163,
      "reward_ci_95_upper": 269.675223756049,
      "reward_min": 96.56945350682285,
      "reward_max": 967.2238805310499,
      "rewards_raw": [
        145.21183536210603,
        154.16478172545877,
        903.3821421086745,
        100.24374608236366,
        476.1852677572081,
        130.5979208094189,
        134.32496239944888,
        97.9168471933788,
        123.13860389020516,
        127.5281332257435,
        140.10633065206628,
        99.32925376311941,
        117.38790362286966,
        149.83468299560732,
        231.22196889921833,
        148.38926428232753,
        187.3297606797224,
        157.05379306306594,
        364.4165312872671,
        143.99187767361593,
        967.2238805310499,
        143.02190729146758,
        119.36503437339556,
        179.12086328510347,
        219.30606653342642,
        664.8172049108166,
        108.78813258196402,
        137.03499657928973,
        250.0853056136521,
        96.56945350682285,
        169.94692556194582,
        141.29965838663452,
        202.92472511449992,
        100.96860601610398,
        114.9799424533122,
        223.0609092389448,
        576.6006067001892,
        168.56818698886477,
        193.2821845651423,
        121.47188229238733,
        162.7791548139695,
        184.47023824134803,
        128.28732906710542,
        260.97969413616397,
        134.87687214582107,
        292.6903930802039,
        127.59640174225193,
        98.01474550446984,
        161.24761945750907,
        130.9726575797201
      ],
      "state_estimation_error_mean": 1.1228893754197322,
      "state_estimation_error_std": 0.7634596685953925,
      "error_metric": "mean_absolute_state_estimation_error"
    }
  },
  "comparisons": {
    "rssm_vs_frozen": {
      "label": "RSSM vs Frozen",
      "method_a": "RSSM",
      "method_b": "Frozen Baseline",
      "mean_a": 276.96219785799957,