{
  "experiment": "sota_baselines",
  "env_id": "Hopper-v4",
  "n_episodes": 50,
  "dropout_duration": 5,
  "seed": 789,
  "train_seed": 789,
  "eval_seed": 10789,
  "methods": {
    "oracle": {
      "method": "Oracle (no dropout)",
      "n_episodes": 50,
      "reward_mean": 1155.4952687916752,
      "reward_std": 342.1344335631196,
      "reward_median": 1107.739759820286,
      "reward_ci_95_lower": 1101.8582633705287,
      "reward_ci_95_upper": 1256.4951002542361,
      "reward_min": 1057.82412220635,
      "reward_max": 3519.5796223409598,
      "rewards_raw": [
        1113.8083257193912,
        1109.4941950976333,
        1103.8183861235595,
        1106.5768521993368,
        1090.5792277105702,
        1122.483362762169,
        1091.7498359057313,
        1103.1305471533644,
        1125.2279756641337,
        1060.6220366762195,
        1090.6355820536683,
        1163.8671744159421,
        1147.081770162224,
        1111.7223862502012,
        1087.8567804264408,
        3519.5796223409598,
        1082.4347270389349,
        1106.521533647506,
        1106.7658642219237,
        1201.5124156393222,
        1131.0370520347392,
        1108.5892054334906,
        1111.802165553131,
        1101.7664011828138,
        1075.3528785718313,
        1102.5256546664002,
        1089.670062305729,
        1090.8364130415684,
        1057.82412220635,
        1109.4794015061505,
        1115.1246208909863,
        1085.7270564508237,
        1106.8903142070817,
        1119.2188613456535,
        1110.0899300350056,
        1075.1113508018386,
        1169.6727837299738,
        1116.277889129565,
        1124.3602223426844,
        1109.8757648055937,
        1122.8073435525648,
        1125.6594466122833,
        1102.2724840715748,
        1058.1806354485525,
        1110.6767624526174,
        1109.7135148672733,
        1088.2891454874402,
        1113.8817895801699,
        1092.5056501163388,
        1094.0759159443076
      ]
    },
    "frozen": {
      "method": "Frozen Baseline",
      "n_episodes": 50,
      "reward_mean": 406.1127771393595,
      "reward_std": 291.42173664502485,
      "reward_median": 210.4993697304808,
      "reward_ci_95_lower": 328.2977147674649,
      "reward_ci_95_upper": 486.2977911395022,
      "reward_min": 111.74431987673891,
      "reward_max": 909.2463264483525,
      "rewards_raw": [
        658.1889480147514,
        205.06399812351438,
        138.48457771467346,
        135.4843478801031,
        883.046889490033,
        111.74431987673891,
        169.04861744247063,
        208.8085957552506,
        703.4819370290062,
        134.1904255306652,
        874.614835227939,
        849.5782345156094,
        114.29831076456011,
        635.9208222813115,
        886.8782239058444,
        114.68805814066286,
        114.02723747384414,
        909.2463264483525,
        212.19014370571102,
        141.6267050382428,
        792.2094657008541,
        651.6311085305516,
        450.0319612082304,
        857.5289968188295,
        658.4465744856201,
        597.0954400448366,
        626.7756614360286,
        175.05722821533178,
        135.8957930859462,
        141.95802448757036,
        725.1412115928259,
        631.0821133784995,
        220.9106463079233,
        136.4194802149672,
        202.23294470356296,
        117.46348560129884,
        775.3033234847272,
        605.2065375174566,
        144.3995927499375,
        201.6299718306381,
        155.84775023076602,
        456.19183353350184,
        142.26788268540668,
        702.2453192993062,
        613.0733267695587,
        169.328878780818,
        142.2991995504205,
        137.60721949041744,
        623.3053906830992,
        116.44094018975417
      ],
      "state_estimation_error_mean": 0.671358579364609,
      "state_estimation_error_std": 0.5640464028526495,
      "error_metric": "mean_absolute_state_estimation_error"
    },
    "rssm": {
      "method": "RSSM",
      "n_episodes": 50,
      "reward_mean": 134.21617011361332,
      "reward_std": 175.960729933918,
      "reward_median": 102.16842643213744,
      "reward_ci_95_lower": 92.55273563151465,
      "reward_ci_95_upper": 189.90523204297793,
      "reward_min": 16.99499933505312,
      "reward_max": 1013.6462111310319,
      "rewards_raw": [
        741.436318970185,
        98.45278627339175,
        448.3804083136994,
        101.45506610893116,
        138.18808552276596,
        102.03937172544522,
        114.74030894828815,
        108.02277196155933,
        20.312758624141157,
        118.05231658057562,
        65.42380840947399,
        32.779052142457,
        30.293012539468954,
        71.97534116914012,
        19.242650283032624,
        130.5841092464713,
        96.43693225026206,
        84.15818679289842,
        89.93375306471263,
        106.03810537647125,
        34.947663621949744,
        118.22500741303516,
        102.29748113882964,
        156.274743715505,
        107.17793170996747,
        23.97353145347724,
        34.402148102553454,
        87.61248461121106,
        22.043444277496683,
        137.42626786614892,
        36.935045939014195,
        1013.6462111310319,
        105.05011808129336,
        104.0061115948298,
        105.43719364655533,
        79.32334179337296,
        89.79447092808594,
        84.37355903096216,
        92.41763087102473,
        29.006083796775354,
        107.66817342568243,
        178.980496336537,
        22.299518293289747,
        442.1492821824276,
        104.62217283441451,
        108.01050194428356,
        16.99499933505312,
        163.30789547918667,
        165.7810814593692,
        118.67876936393033
      ],
      "state_estimation_error_mean": 0.40332537821337855,
      "state_estimation_error_std": 0.2119629740596094,
      "error_metric": "mean_absolute_state_estimation_error"
    },
    "told": {
      "method": "TOLD",
      "n_episodes": 50,
      "reward_mean": 22.576542428014463,
      "reward_std": 1.6014389483262896,
      "reward_median": 22.59331594943707,
      "reward_ci_95_lower": 22.131327872660027,
      "reward_ci_95_upper": 23.014061446870812,
      "reward_min": 20.281011464879622,
      "reward_max": 24.688934045649855,
      "rewards_raw": [
        20.728915726357343,
        24.057744974864004,
        22.48747632628793,
        20.431029898185034,
        24.306811357471148,
        20.58419607688901,
        22.49304097049899,
        24.03437127844576,
        24.366985067549493,
        20.536240267806885,
        24.688934045649855,
        24.431496077707155,
        20.59892628418747,
        24.35603872296826,
        22.65505151188512,
        24.353734985421262,
        20.642378124821967,
        24.326140785302265,
        22.868505091735187,
        24.327091943063614,
        20.598330586203787,
        22.507049274696584,
        24.464049824642174,
        24.25671186636465,
        20.58069816062857,
        22.395813471265715,
        22.24344070413264,
        22.742028189990783,
        20.49199307386518,
        22.283857614620857,
        22.706763060350944,
        22.34844981203151,
        20.661685329231094,
        20.437481982742874,
        24.333282559273645,
        20.499826139216054,
        24.507258017839614,
        24.37398238306815,
        24.26140420169121,
        20.599928202877575,
        24.1932262720335,
        22.531580386989024,
        22.72405361041637,
        20.408942333150762,
        22.37075190387745,
        22.66755923767322,
        20.53643993713016,
        24.355098119530002,
        20.281011464879622,
        24.18931416321185
      ],
      "state_estimation_error_mean": 0.2399593610333001,
      "state_estimation_error_std": 0.20234458882043455,
      "error_metric": "mean_absolute_state_estimation_error"
    }
  },
  "comparisons": {
    "rssm_vs_frozen": {
      "label": "RSSM vs Frozen",
      "method_a": "RSSM",
      "method_b": "Frozen Baseline",