{
  "experiment": "sota_baselines",
  "env_id": "Hopper-v4",
  "n_episodes": 50,
  "dropout_duration": 5,
  "seed": 456,
  "train_seed": 456,
  "eval_seed": 10456,
  "methods": {
    "oracle": {
      "method": "Oracle (no dropout)",
      "n_episodes": 50,
      "reward_mean": 1128.962990675945,
      "reward_std": 174.1344962617735,
      "reward_median": 1102.867957278198,
      "reward_ci_95_lower": 1100.8199007855521,
      "reward_ci_95_upper": 1180.7245269219402,
      "reward_min": 1067.1754217427401,
      "reward_max": 2329.755368028372,
      "rewards_raw": [
        1102.6277255240573,
        1075.4666117767229,
        1095.503300988038,
        1097.6865417458537,
        1113.2224532434984,
        1113.6793509194777,
        1121.747342969211,
        1103.6912903226118,
        1109.5990310102143,
        1123.7081410544629,
        1103.108189032339,
        1118.0185575811606,
        1124.1168769121061,
        1113.0882110927805,
        1137.135461285139,
        1088.8634498018353,
        1116.1705013906449,
        1102.3903229551775,
        1098.102078077261,
        1105.7463605646324,
        1094.3320589862456,
        1113.5668419443637,
        1101.1460750085266,
        1091.9702752717656,
        1101.907946190414,
        1084.6876574263945,
        1149.7617890570505,
        1109.6015924812923,
        1096.2855452735885,
        2329.755368028372,
        1096.2520665759143,
        1115.9788339974198,
        1099.9637862181887,
        1091.7470380014308,
        1071.4048936754305,
        1112.8687491051683,
        1092.0868287780302,
        1085.4000949030208,
        1087.928170093742,
        1109.5021837183256,
        1107.8122774097212,
        1112.2501810838487,
        1094.9529146880175,
        1085.7799141401413,
        1067.1754217427401,
        1097.2635964298424,
        1112.6535734367767,
        1118.2380515473217,
        1158.641039069559,
        1093.5629712673801
      ]
    },
    "frozen": {
      "method": "Frozen Baseline",
      "n_episodes": 50,
      "reward_mean": 441.18571785261963,
      "reward_std": 350.8773405807028,
      "reward_median": 208.6528712024279,
      "reward_ci_95_lower": 347.89899954893934,
      "reward_ci_95_upper": 538.6641220903044,
      "reward_min": 113.4546544780623,
      "reward_max": 1542.820650190731,
      "rewards_raw": [
        713.8627489276092,
        139.49373064603006,
        674.4005793802696,
        709.3767609562807,
        607.5877033504194,
        197.88449547522043,
        141.49723030882964,
        133.25783441569854,
        786.4356382690104,
        199.2985624179808,
        648.0767077363171,
        136.56372677696743,
        671.5756444497456,
        688.6703666760935,
        137.30753308638114,
        146.09641022935904,
        701.41272476646,
        134.0740734435077,
        113.4546544780623,
        723.6279705574965,
        114.63402096201601,
        114.15624114118897,
        821.772873013258,
        205.19186116491971,
        208.0949826695423,
        209.21075973531347,
        797.3824440546348,
        140.81529580632557,
        620.3754822588771,
        113.94754663574109,
        1542.820650190731,
        977.3118306464728,
        221.60711060997045,
        113.946578560571,
        729.0588718434486,
        662.7363580465981,
        810.8251039336544,
        571.8968200488531,
        133.54756300852682,
        1180.8227567722085,
        139.48771278566954,
        139.72791194151412,
        618.4085768292355,
        116.59847190014568,
        138.9376419249326,
        116.17630399732576,
        200.22387679401214,
        136.67864361676388,
        867.8911390446382,
        891.0453663461574
      ],
      "state_estimation_error_mean": 0.6797772680443376,
      "state_estimation_error_std": 0.585723446140801,
      "error_metric": "mean_absolute_state_estimation_error"
    },
    "rssm": {
      "method": "RSSM",
      "n_episodes": 50,
      "reward_mean": 167.8413108073799,
      "reward_std": 297.5822948073357,
      "reward_median": 75.95518517295403,
      "reward_ci_95_lower": 98.59803756159104,
      "reward_ci_95_upper": 261.4423324877748,
      "reward_min": 53.296140122218624,
      "reward_max": 1544.8184187196653,
      "rewards_raw": [
        123.33698697606745,
        81.70507962209145,
        67.47828893749512,
        74.29593227763247,
        152.66602719225116,
        87.88160552004264,
        74.88506987768645,
        133.6201032780173,
        159.2653034603749,
        186.5601570495609,
        77.04125020589312,
        81.70687451971625,
        67.04583988021139,
        77.02530046822163,
        66.77278857297895,
        203.13998108618733,
        61.07527882608982,
        121.41559759279632,
        58.404841320732935,
        53.296140122218624,
        95.50831749090742,
        77.33445581919268,
        1373.9193549782015,
        69.24377926995436,
        64.16734220319722,
        62.35168489299509,
        1544.8184187196653,
        67.31451700006382,
        61.08208689906885,
        65.18940226978339,
        145.46540099429876,
        82.77932428277032,
        60.75893769114483,
        69.62936294223451,
        73.1089704556575,
        79.5410844394239,
        150.56286205602854,
        926.8330465877049,
        73.5758292762122,
        80.92528778517914,
        73.64671574952777,
        79.23061347083176,
        431.95870005650147,
        63.17905651945606,
        73.10859685755538,
        72.85394072703139,
        69.11121265299707,
        152.01089290539548,
        73.33415162363188,
        70.90374696611404
      ],
      "state_estimation_error_mean": 0.4786428074701645,
      "state_estimation_error_std": 0.2204408349037018,
      "error_metric": "mean_absolute_state_estimation_error"
    },
    "told": {
      "method": "TOLD",
      "n_episodes": 50,
      "reward_mean": 92.6317862278792,
      "reward_std": 84.91629367785866,
      "reward_median": 57.242935434070745,
      "reward_ci_95_lower": 71.53946085909476,
      "reward_ci_95_upper": 117.73402026894534,
      "reward_min": 56.06625568135057,
      "reward_max": 472.47666740333744,
      "rewards_raw": [
        56.19363215137045,
        56.258218683953515,
        314.22318926532256,
        207.04551307599615,
        56.97024918310917,
        57.35093348549201,
        136.68765709601047,
        58.53873875740953,
        58.746880135343915,
        57.20782182267047,
        56.405028729128745,
        472.47666740333744,
        145.93810462280658,
        58.24902509995604,
        301.58132470107114,
        56.51271327686025,
        130.7640565315949,
        56.50207437791479,
        56.06625568135057,
        301.579818449851,
        56.77192630034257,
        58.70797607584691,
        58.60985580282539,
        57.22695375121486,
        56.88943000804051,
        57.02225315060408,
        57.428412494768025,
        57.39737054956156,
        58.85659806166393,
        58.40070487437537,
        57.39530142789351,
        58.39130444237787,
        56.2851228876726,
        56.431776692346915,
        56.4858791026411,
        131.07458773239662,
        137.35106038108384,
        56.79965928158866,
        56.782134038275586,
        56.72258114773209,
        57.25287439933594,
        56.91366858977727,
        57.23299646880555,
        56.47912501940931,
        121.79812004423722,
        58.660227027175786,
        56.78400247208225,
        56.5031420897262,
        56.80429867528319,
        56.83206587432484
      ],
      "state_estimation_error_mean": 0.5543617093699406,
      "state_estimation_error_std": 0.29783094893227663,
      "error_metric": "mean_absolute_state_estimation_error"
    }
  },
  "comparisons": {
    "rssm_vs_frozen": {
      "label": "RSSM vs Frozen",
      "method_a": "RSSM",
      "method_b": "Frozen Baseline",
      "mean_a": 167.8413108073799,