{
  "experiment": "sota_baselines",
  "env_id": "Ant-v4",
  "n_episodes": 50,
  "dropout_duration": 5,
  "seed": 123,
  "train_seed": 123,
  "eval_seed": 10123,
  "methods": {
    "oracle": {
      "method": "Oracle (no dropout)",
      "n_episodes": 50,
      "reward_mean": 4681.328987194868,
      "reward_std": 1134.1135064577743,
      "reward_median": 5135.448023665953,
      "reward_ci_95_lower": 4349.636939559276,
      "reward_ci_95_upper": 4972.668256097549,
      "reward_min": 533.2431853012951,
      "reward_max": 5549.302857807683,
      "rewards_raw": [
        5149.452447408738,
        5136.560090873174,
        5286.600767232471,
        5183.515492065704,
        1834.0705564525986,
        3102.39002028498,
        5000.390706810547,
        5340.740942097595,
        5137.937857240566,
        5215.170324548938,
        5379.618533693022,
        5197.084790992617,
        533.2431853012951,
        5104.162449449028,
        5064.5367042982925,
        5145.87473033457,
        5404.105201881857,
        5168.07583869209,
        5091.589069586115,
        5006.951600087634,
        5199.740303350059,
        5113.506298912289,
        5277.365227848705,
        5390.619614366592,
        5134.335956458732,
        5404.9786422644975,
        5127.335006217005,
        5102.973230036021,
        4978.122166685237,
        5549.302857807683,
        2171.6325395210756,
        5332.868228543018,
        4949.274056882805,
        4912.736100411967,
        5255.747129305981,
        4968.200229205679,
        5170.373870334453,
        4974.850560648202,
        2746.250413323778,
        5219.828908893968,
        5231.92925664957,
        3604.699877053493,
        5202.044078991719,
        2189.0289044978144,
        5123.6256140109945,
        5223.038417731406,
        5141.055831208269,
        3753.2819292192466,
        2163.1424715777125,
        4972.490328453603
      ]
    },
    "frozen": {
      "method": "Frozen Baseline",
      "n_episodes": 50,
      "reward_mean": 131.1143573214502,
      "reward_std": 156.06138151794732,
      "reward_median": 61.75959081218087,
      "reward_ci_95_lower": 89.90607994710204,
      "reward_ci_95_upper": 175.4054079458519,
      "reward_min": -177.4260708371811,
      "reward_max": 589.7556962578351,
      "rewards_raw": [
        -177.4260708371811,
        550.9963116054955,
        298.8408194039783,
        70.13310080209978,
        39.44216514671769,
        34.86078085542248,
        95.50827436255837,
        47.85343779103529,
        18.679216667442546,
        175.0342834000193,
        28.996910792027116,
        14.727307894248836,
        126.84213803580977,
        111.12662456742166,
        231.95437339909412,
        45.08446923065399,
        415.9608222812608,
        46.052798227479244,
        280.57444328471587,
        110.19662134039295,
        8.076859100412404,
        105.10452358344695,
        86.54431145905309,
        51.964448640296126,
        589.7556962578351,
        52.40598628274395,
        80.59766297740131,
        53.38608082226196,
        236.25959215169559,
        50.40230556160935,
        42.9146321004265,
        41.336058728222895,
        25.736297226857832,
        16.405069838232116,
        258.30075565611924,
        159.57261598202297,
        40.19521729282052,
        38.136998880796746,
        298.3433055115637,
        39.19718521165946,
        12.822397644894602,
        294.65933617423104,
        14.735121118917188,
        499.58928290701084,
        16.761780569862726,
        73.12827743551195,
        44.756799750427966,
        214.60315636126987,
        443.3578167805487,
        101.22946581366406
      ],
      "state_estimation_error_mean": 0.15557198448863396,
      "state_estimation_error_std": 0.16928853299518049,
      "error_metric": "mean_absolute_state_estimation_error"
    },
    "rssm": {
      "method": "RSSM",
      "n_episodes": 50,
      "reward_mean": 1355.7441553630197,
      "reward_std": 1224.4765495030608,
      "reward_median": 895.789675968468,
      "reward_ci_95_lower": 1040.376002876761,
      "reward_ci_95_upper": 1703.8718817914946,
      "reward_min": 32.428619629574534,
      "reward_max": 4396.936053998336,
      "rewards_raw": [
        300.6205092275319,
        297.07116522320854,
        885.252000548385,
        515.6009543674321,
        702.3964450388197,
        1026.4574138528924,
        1612.7913018770694,
        1742.8927568585293,
        239.6384803073437,
        73.12861257048652,
        4186.961049340218,
        906.327351388551,
        612.8828194087333,
        65.90268782016456,
        2087.113860048437,
        868.6032725282145,
        3712.7709340332103,
        32.428619629574534,
        584.8919453469307,
        1443.5520484860626,
        1790.8687363507038,
        2986.740591514287,
        470.6196132721585,
        2025.8401877793826,
        1635.8100818504868,
        968.6191803756157,
        1979.2768760686192,
        269.6705370102752,
        131.43547220672343,
        196.8011580949803,
        265.3490208677098,
        4396.936053998336,
        2708.094202330905,
        1780.958487634306,
        854.9406551597824,
        2366.4176177732643,
        300.3383537148245,
        484.22649757957674,
        1142.3647162177886,
        1113.323063151468,
        664.232753660771,
        42.9613792494326,
        4049.005717968444,
        2534.388902813661,
        2615.298116144093,
        538.7321295652147,
        3816.2385001855187,
        201.8478539779199,
        2849.207451364692,
        709.3796323682495
      ],
      "state_estimation_error_mean": 0.1342230367163755,
      "state_estimation_error_std": 0.07079517176472144,
      "error_metric": "mean_absolute_state_estimation_error"
    },
    "told": {
      "method": "TOLD",
      "n_episodes": 50,
      "reward_mean": 2528.9150742851994,
      "reward_std": 1551.3745723440431,
      "reward_median": 2495.0961279523185,
      "reward_ci_95_lower": 2109.4038068831105,
      "reward_ci_95_upper": 2954.8078134989923,
      "reward_min": 52.57944312687376,
      "reward_max": 5149.474837938883,
      "rewards_raw": [
        3451.462121789667,
        2074.5193286253293,
        3275.3544559113175,
        1809.2799138250834,
        4416.290922519255,
        264.9146980430608,
        4406.848017632978,
        4276.3336834583915,
        4406.92461570916,
        2487.6172247658324,
        2760.1222229771874,
        1126.1671917358328,
        261.63546703490744,
        1431.582734864896,
        275.5424380750108,
        2193.289723543842,
        2437.460114830479,
        2511.400145947254,
        2265.1339730733935,
        4594.113483236344,
        4275.4491119093445,
        375.6539045909362,
        4355.9231680681805,
        412.91769003401924,
        5149.474837938883,
        4209.113705784863,
        219.0666791831442,
        896.9454652006539,
        1050.1261500562566,
        467.53797419121645,
        3370.6668238269735,
        2629.096640481688,
        3864.899382360668,
        3430.388155637934,
        2352.3448923927454,
        2635.0119357480394,
        3281.436833212057,
        4358.725860751841,
        241.7237766546404,
        1361.0003877365643,
        4453.716701599794,
        2259.6437779167313,
        1120.0251421729538,
        4378.324492172891,
        4516.646749489882,
        4523.644784057712,
        1797.6838070756573,
        2502.5750311388047,
        1177.4179321488195,
        52.57944312687376
      ],
      "state_estimation_error_mean": 0.10322286547755642,
      "state_estimation_error_std": 0.06186071280476653,
      "error_metric": "mean_absolute_state_estimation_error"
    }
  },
  "comparisons": {
    "rssm_vs_frozen": {
      "label": "RSSM vs Frozen",
      "method_a": "RSSM",
      "method_b": "Frozen Baseline",
      "mean_a": 1355.7441553630197,
      "mean_b": 131.1143573214502,