{
  "experiment": "sota_baselines",
  "env_id": "Hopper-v4",
  "n_episodes": 50,
  "dropout_duration": 5,
  "seed": 1024,
  "train_seed": 1024,
  "eval_seed": 11024,
  "methods": {
    "oracle": {
      "method": "Oracle (no dropout)",
      "n_episodes": 50,
      "reward_mean": 1215.8846533128935,
      "reward_std": 453.5941369347994,
      "reward_median": 1108.3674126162366,
      "reward_ci_95_lower": 1108.3707259555315,
      "reward_ci_95_upper": 1358.1781793567154,
      "reward_min": 1061.7921847191717,
      "reward_max": 3560.49388860592,
      "rewards_raw": [
        1115.764376341565,
        1103.8891434935788,
        1085.991794729556,
        1087.1267967194983,
        3560.49388860592,
        2157.000199589836,
        1088.400513651185,
        1093.2270400093234,
        1063.0816455899505,
        1103.7059086243291,
        1088.9602412744205,
        1107.1774258372868,
        1105.2416639216747,
        1111.532496452856,
        1114.623721201908,
        1141.0099085628942,
        1098.3647721589941,
        1098.6551160164242,
        1118.1012688183248,
        1086.996977378408,
        1118.6615566950954,
        1087.281475198052,
        1144.7225462259269,
        1091.323233264393,
        1080.7040262817134,
        1156.0658223136709,
        1105.1578480635364,
        1108.1824293693987,
        1090.1450198524224,
        1084.9246242590423,
        1110.250048674488,
        1162.7767777968788,
        2984.881548946288,
        1102.7062432978037,
        1108.5523958630745,
        1086.5027054203433,
        1120.420602235242,
        1164.1608100319606,
        1110.5101989050586,
        1114.7703625770923,
        1136.8983408776496,
        1118.1506372430558,
        1061.7921847191717,
        1113.1165260979192,
        1132.0863007536536,
        1089.78408574068,
        1122.397521839295,
        1086.47219127762,
        1154.965497410071,
        1116.524205436147
      ]
    },
    "frozen": {
      "method": "Frozen Baseline",
      "n_episodes": 50,
      "reward_mean": 472.91846947388245,
      "reward_std": 342.04157009722996,
      "reward_median": 517.8671347311599,
      "reward_ci_95_lower": 382.2250104450366,
      "reward_ci_95_upper": 567.1837503285909,
      "reward_min": 113.88823922900053,
      "reward_max": 1622.364298888043,
      "rewards_raw": [
        886.7119067964916,
        138.16307944195717,
        116.58550197428856,
        1068.5201426606002,
        114.43303514358777,
        114.4753330637422,
        151.7884373611927,
        208.5488917632598,
        561.9742497617901,
        115.89135457868169,
        619.0777061679364,
        150.82362036168118,
        139.1147430962619,
        496.1968182553511,
        624.6190027229535,
        212.32680855084536,
        113.88823922900053,
        205.61895433713622,
        724.6319100320954,
        919.9924296101282,
        137.2367805999999,
        682.3219516720535,
        136.30745228673976,
        436.01023031931294,
        582.3529669977709,
        883.6547069292161,
        139.31603336431365,
        640.3942868187289,
        218.71328954993206,
        205.75068303119014,
        736.6937641349544,
        625.98589373905,
        886.4062439424598,
        186.4204475401695,
        199.32412275889982,
        113.97223917655003,
        674.4696776143265,
        865.2501025898025,
        145.7275934715722,
        539.5374512069689,
        1622.364298888043,
        643.6699796265597,
        719.929441902197,
        140.66425408256873,
        804.9202458934504,
        562.3838341838177,
        968.1847518633533,
        194.1328838656258,
        558.0544767852952,
        712.3912239502163
      ],
      "state_estimation_error_mean": 0.658245734836609,
      "state_estimation_error_std": 0.5513283031728577,
      "error_metric": "mean_absolute_state_estimation_error"
    },
    "rssm": {
      "method": "RSSM",
      "n_episodes": 50,
      "reward_mean": 124.27888027188548,
      "reward_std": 53.548692466800105,
      "reward_median": 127.81976153945932,
      "reward_ci_95_lower": 109.77667436058206,
      "reward_ci_95_upper": 139.19041807204775,
      "reward_min": 20.057513109529257,
      "reward_max": 200.92333968770254,
      "rewards_raw": [
        121.71028974731732,
        76.19803608031175,
        63.759767413961086,
        79.9190877864935,
        77.1909327024372,
        94.61914527181011,
        123.94211786814404,
        127.4347506860264,
        196.97487987667603,
        143.40459280699764,
        128.20477239289224,
        129.84173261733483,
        146.43996106868508,
        105.92488291137302,
        191.0549613338285,
        143.83851912771968,
        191.6627018991717,
        124.19183846678906,
        54.43279424201533,
        194.8260562144402,
        200.31160536393833,
        200.92333968770254,
        20.057513109529257,
        60.21431930756442,
        193.1233634572612,
        83.31367939702409,
        99.53025264211735,
        128.3515489165684,
        36.501880979471316,
        71.69148717645866,
        68.51260497764073,
        185.69781858181213,
        177.14388820875567,
        197.03936226462372,
        26.78432591167039,
        194.5411217751404,
        120.50814508199376,
        187.90390763670848,
        105.13160984667941,
        129.37812121076013,
        139.2711685779563,
        55.77708870025252,
        58.95655587405538,
        187.40913771183418,
        60.86130916202566,
        128.68168324695645,
        159.54340875607053,
        146.0168224567543,
        81.03327279945162,
        194.16185026107203
      ],
      "state_estimation_error_mean": 0.47171177873907677,
      "state_estimation_error_std": 0.23565758331997727,
      "error_metric": "mean_absolute_state_estimation_error"
    },
    "told": {
      "method": "TOLD",
      "n_episodes": 50,
      "reward_mean": 104.70505107175322,
      "reward_std": 71.51732125291863,
      "reward_median": 71.66359713436361,
      "reward_ci_95_lower": 85.8844845265248,
      "reward_ci_95_upper": 125.04965097094733,
      "reward_min": 33.595296088309865,
      "reward_max": 346.9898933826893,
      "rewards_raw": [
        158.67712282378918,
        176.99184995671345,
        153.92224510992986,
        66.2294469481766,
        154.90570518837131,
        168.77912046827237,
        159.27661985409415,
        73.52117306661546,
        35.458565560492545,
        171.0436181882406,
        69.80602120211178,
        69.5746373121514,
        41.80568345072017,
        33.610425590966216,
        171.69698163637045,
        181.98427694157454,
        164.84836459000238,
        35.45773890051987,
        37.524030716216025,
        37.41329339053178,
        164.2593278236079,
        175.79432606886442,
        161.3833594762721,
        41.422203915869936,
        175.72350480506594,
        35.6972384932515,
        41.82820622015549,
        346.9898933826893,
        174.02384599874856,
        37.522780295573426,
        39.15862862559161,
        39.34197065942286,
        156.4361814281164,
        171.07994441387552,
        41.8550102383584,
        152.4250027656213,
        169.736125543107,
        41.788718610928335,
        33.70755693674198,
        76.44921721058431,
        39.54491442127968,
        35.39512908596933,
        170.88037734569954,
        43.85091102876355,
        33.595296088309865,
        178.7350281434282,
        35.420683114107504,
        39.469931159488546,
        41.9396431930848,
        177.2706761992236
      ],
      "state_estimation_error_mean": 0.5472808264186564,
      "state_estimation_error_std": 0.28445698836034927,
      "error_metric": "mean_absolute_state_estimation_error"
    }
  },
  "comparisons": {
    "rssm_vs_frozen": {
      "label": "RSSM vs Frozen",
      "method_a": "RSSM",
      "method_b": "Frozen Baseline",
      "mean_a": 124.27888027188548,