{
  "experiment": "sota_baselines",
  "env_id": "Ant-v4",
  "n_episodes": 50,
  "dropout_duration": 5,
  "seed": 1024,
  "train_seed": 1024,
  "eval_seed": 11024,
  "methods": {
    "oracle": {
      "method": "Oracle (no dropout)",
      "n_episodes": 50,
      "reward_mean": 4501.966122246699,
      "reward_std": 1485.843616812577,
      "reward_median": 5137.137395537847,
      "reward_ci_95_lower": 4064.3845860454376,
      "reward_ci_95_upper": 4885.843792854708,
      "reward_min": 35.20347301000864,
      "reward_max": 5498.166229234475,
      "rewards_raw": [
        70.35533346484735,
        5237.579955016724,
        5038.508018903478,
        5063.377336144872,
        5332.456949625935,
        1384.3458765974792,
        5264.727148597179,
        5257.010124556449,
        1079.5045878318874,
        4961.364634350367,
        5150.650405298641,
        5079.3450257326185,
        5298.78158768839,
        5183.6704308726985,
        5309.817153105826,
        5143.482105782676,
        5498.166229234475,
        5077.784813826436,
        1681.0564196040073,
        2860.9181705029678,
        5228.594913592949,
        5110.196302228447,
        5171.548149307943,
        4996.769856061973,
        5049.054789815945,
        4995.775816420906,
        5186.707277651222,
        5059.597848125875,
        1736.9675824135784,
        5082.792443103792,
        5162.259208165178,
        5044.207305607515,
        5372.4013253347,
        5220.235003610591,
        2654.012527765996,
        5139.269038517415,
        5266.028862091574,
        4753.9989702210005,
        1910.9587014615802,
        5440.578806888608,
        5297.9154241770075,
        5044.008866566931,
        35.20347301000864,
        5138.8839776568175,
        4933.133875482605,
        5216.707295753285,
        5292.025329738022,
        5197.028958240503,
        5253.151063166204,
        5135.390813418876
      ]
    },
    "frozen": {
      "method": "Frozen Baseline",
      "n_episodes": 50,
      "reward_mean": 167.24619924721017,
      "reward_std": 165.6285017838864,
      "reward_median": 119.17743779550806,
      "reward_ci_95_lower": 124.35850097506125,
      "reward_ci_95_upper": 214.40877124416406,
      "reward_min": -59.073939312607166,
      "reward_max": 741.4185422409541,
      "rewards_raw": [
        89.17011319398267,
        198.145251081368,
        117.1125421026752,
        89.93833410313344,
        17.950839824536473,
        121.2423334883409,
        35.583703109033884,
        27.051560295609164,
        443.9581614841523,
        0.9131214627143391,
        68.13293248148207,
        31.978098129942477,
        80.65203368730675,
        218.83492186117243,
        136.41576482149978,
        123.90776383152101,
        24.290093554364095,
        378.4294529954488,
        71.00528594481126,
        84.83221190420588,
        603.5593021013275,
        101.76773463951992,
        39.18781052332068,
        56.79595129430736,
        207.69140220843582,
        62.75374439472495,
        15.646458192196448,
        68.32136289197467,
        741.4185422409541,
        -59.073939312607166,
        227.2175186202427,
        25.851191283117494,
        287.32303370486454,
        407.8714067748151,
        288.31610344410933,
        349.95053842190185,
        177.4508392342474,
        351.9710496431629,
        124.9214190699069,
        241.8702670145174,
        12.818332117741008,
        83.28187772280278,
        40.626617775308866,
        126.86102239951569,
        141.86882794818888,
        89.8962738166567,
        158.93589126666265,
        440.8223295095567,
        441.55646200614547,
        145.28607205558907
      ],
      "state_estimation_error_mean": 0.13629750654911416,
      "state_estimation_error_std": 0.170836511604287,
      "error_metric": "mean_absolute_state_estimation_error"
    },
    "rssm": {
      "method": "RSSM",
      "n_episodes": 50,
      "reward_mean": 1548.5897278570512,
      "reward_std": 1410.390757148365,
      "reward_median": 1336.0333502552785,
      "reward_ci_95_lower": 1167.3444748155648,
      "reward_ci_95_upper": 1939.1382752356462,
      "reward_min": -606.9336002125691,
      "reward_max": 4384.09774671864,
      "rewards_raw": [
        150.0347154657424,
        172.62539067755793,
        3682.7185316211103,
        1283.5326359841658,
        2843.33510280442,
        670.9407186447718,
        356.2439742191121,
        4384.09774671864,
        72.03117794132496,
        1741.3134489386362,
        2320.3844791631095,
        2387.2199747940926,
        1974.5550727591592,
        1628.737149454912,
        511.5808763295659,
        2750.331066078349,
        3569.6842577296475,
        -266.48976618578496,
        2943.089227354238,
        1151.5748614147071,
        242.50525333628218,
        3667.3552440347403,
        61.506225427045536,
        2700.4997537955105,
        2740.1317388985094,
        2795.1942045310107,
        1388.534064526391,
        3225.014826046652,
        96.19566464856229,
        22.897468573101968,
        2508.138946864754,
        42.467232283877294,
        194.57494500269354,
        905.3800522017337,
        3585.383495561132,
        364.62206400363044,
        3705.8463812806654,
        3516.4968798572118,
        188.9613713168454,
        318.33271844255637,
        3177.10440225972,
        -606.9336002125691,
        50.280698323431366,
        10.254862654481586,
        325.782376112326,
        2346.8913709055014,
        577.939097517497,
        2545.2980776750983,
        2277.4677122100406,
        127.82222286665538
      ],
      "state_estimation_error_mean": 0.13850332749905392,
      "state_estimation_error_std": 0.06680153199262036,
      "error_metric": "mean_absolute_state_estimation_error"
    },
    "told": {
      "method": "TOLD",
      "n_episodes": 50,
      "reward_mean": 2389.8554752438117,
      "reward_std": 1463.8464448002396,
      "reward_median": 2409.1487509807366,
      "reward_ci_95_lower": 1985.9505598126655,
      "reward_ci_95_upper": 2793.1967577333,
      "reward_min": 22.098058791779174,
      "reward_max": 4814.18512609367,
      "rewards_raw": [
        3415.290571009118,
        1564.7210917282973,
        3573.7648219966254,
        1808.1933142463308,
        2994.189961221001,
        2896.181709061283,
        3523.735758953313,
        3361.390702081684,
        2773.589188476862,
        1628.8086829454176,
        3928.4523000519234,
        799.3184279413556,
        45.341683815900865,
        3492.99394378283,
        4494.591281252993,
        1365.2939893672283,
        1892.8124809733622,
        2397.715337212783,
        1318.540654454201,
        3752.0877139096256,
        3619.3520164709507,
        1364.2308292463265,
        3720.250348455393,
        985.3637857530788,
        523.4946550082329,
        4810.35251620401,
        767.9847183316087,
        1131.1842990329628,
        524.0661782794446,
        1881.4061818525445,
        1759.2034927774628,
        919.2746507113011,
        3636.6768356361517,
        88.07161202849338,
        4592.091287652007,
        2420.5821647486905,
        1287.096892104131,
        3465.7304116990726,
        3329.3149968410703,
        4814.18512609367,
        4562.697285852424,
        433.86671481594124,
        3717.8758059340826,
        127.32398568307141,
        3951.1951543067617,
        1835.834294366633,
        22.098058791779174,
        4485.743081519457,
        2803.8855420573764,
        885.3272254543062
      ],
      "state_estimation_error_mean": 0.11561015971450087,
      "state_estimation_error_std": 0.06603764243014118,
      "error_metric": "mean_absolute_state_estimation_error"
    }
  },
  "comparisons": {
    "rssm_vs_frozen": {
      "label": "RSSM vs Frozen",
      "method_a": "RSSM",
      "method_b": "Frozen Baseline",
      "mean_a": 1548.5897278570512,