{
  "experiment": "sota_baselines",
  "env_id": "Ant-v4",
  "n_episodes": 50,
  "dropout_duration": 5,
  "seed": 456,
  "train_seed": 456,
  "eval_seed": 10456,
  "methods": {
    "oracle": {
      "method": "Oracle (no dropout)",
      "n_episodes": 50,
      "reward_mean": 4543.164829151279,
      "reward_std": 1307.0611431004108,
      "reward_median": 5046.651604874282,
      "reward_ci_95_lower": 4157.2310672431695,
      "reward_ci_95_upper": 4866.790012964232,
      "reward_min": 1.1647522920874764,
      "reward_max": 5436.330660805899,
      "rewards_raw": [
        4850.433702243784,
        4997.40733797215,
        5079.325007519049,
        5168.409378222596,
        4961.2193476192715,
        5303.051042257638,
        4962.9163728273525,
        5086.035306979453,
        266.5443485823847,
        2787.248958017257,
        1.1647522920874764,
        5166.4151479050815,
        2075.426814398266,
        5179.800677892654,
        689.205022831339,
        5096.940688068577,
        5037.597752118746,
        4992.289417456591,
        5334.818948285773,
        3164.5540312406665,
        5341.442816124541,
        4993.246546993758,
        5286.317675853811,
        5128.64221947574,
        4852.691630252741,
        5251.128609702757,
        5081.453596252657,
        5436.330660805899,
        5082.30008206264,
        2614.630365293565,
        5394.810868490787,
        5031.081634561954,
        4502.929408540801,
        4925.642042169694,
        4621.237284253823,
        5175.653010272371,
        3652.6881244009214,
        4545.151396120959,
        4929.34661111435,
        5184.467396900397,
        4947.690046393531,
        5217.89212051619,
        3655.132970996735,
        5197.803562588026,
        5064.621813937221,
        5330.520237032778,
        5216.883564332184,
        5055.705457629819,
        4919.192634383343,
        5320.803015379276
      ]
    },
    "frozen": {
      "method": "Frozen Baseline",
      "n_episodes": 50,
      "reward_mean": 168.57499585508774,
      "reward_std": 185.5172400658853,
      "reward_median": 114.34588210773595,
      "reward_ci_95_lower": 120.02237246865052,
      "reward_ci_95_upper": 220.37589087861494,
      "reward_min": -253.6353084924353,
      "reward_max": 668.8276795250996,
      "rewards_raw": [
        15.758643512709858,
        97.71868512386202,
        518.0194077926417,
        384.85294344796273,
        10.685914233128338,
        56.83665684030697,
        64.85666640283456,
        63.25137358515588,
        121.12627530457195,
        57.506048621128315,
        1.1647522920874764,
        54.314265206598826,
        289.55328612572936,
        -0.02911152954136753,
        190.69969633394993,
        228.22043968124754,
        34.27269316790498,
        494.7017604755017,
        216.28526022415804,
        619.9030155650556,
        227.79661246085197,
        15.114256579018836,
        89.80920177989574,
        79.46602324494305,
        490.97304963011,
        668.8276795250996,
        42.936232345417224,
        296.3505221908058,
        -253.6353084924353,
        9.073016340351511,
        179.62289696215703,
        110.54450973070225,
        24.202965970077848,
        279.2971153709986,
        -9.556518242958415,
        518.6729548418834,
        123.76775576303226,
        45.18275053572967,
        131.96852145517434,
        17.00521948693126,
        13.188522815636682,
        120.21261048458092,
        263.0455239284645,
        186.0585528064178,
        420.8449302840098,
        87.3170879602515,
        225.7302413400207,
        293.742538049123,
        93.34440071633009,
        118.14725448476966
      ],
      "state_estimation_error_mean": 0.15702439948240957,
      "state_estimation_error_std": 0.17431116328476562,
      "error_metric": "mean_absolute_state_estimation_error"
    },
    "rssm": {
      "method": "RSSM",
      "n_episodes": 50,
      "reward_mean": 1255.608315617704,
      "reward_std": 1222.180090498035,
      "reward_median": 847.2204473061571,
      "reward_ci_95_lower": 934.6931359312237,
      "reward_ci_95_upper": 1599.818376878935,
      "reward_min": 1.1647522920874764,
      "reward_max": 4277.709371121554,
      "rewards_raw": [
        3868.785371155811,
        1747.4196895435248,
        3924.9318763014594,
        1042.2887248659792,
        932.0602219710648,
        2286.2785375007957,
        505.20764166026936,
        156.69076342593746,
        4059.9063785239655,
        3609.4500667814414,
        1.1647522920874764,
        901.8935642306126,
        1444.2987552054979,
        429.11744491951754,
        440.8440586067798,
        142.4048150374698,
        1667.124086215715,
        379.91782554387754,
        278.98872080686994,
        502.7099538424817,
        35.26081014179155,
        217.09194175377942,
        285.713279801664,
        1821.2822420351768,
        2246.9743602970652,
        50.8740945868085,
        904.3147078529926,
        4277.709371121554,
        1457.2827290312525,
        2102.281812743775,
        792.5473303817016,
        562.4324377211345,
        153.65124700506175,
        154.83857494994177,
        2265.800311618303,
        2187.4353722708083,
        2560.952112273268,
        1921.1675560147896,
        362.2768041407703,
        347.21994417521597,
        1124.1364558618072,
        186.38243640244335,
        550.2277359371847,
        566.7928578857906,
        3645.728167217788,
        1584.1580197692795,
        52.21505717687833,
        718.9645455648766,
        225.72653700964617,
        1097.493679711508
      ],
      "state_estimation_error_mean": 0.14359740768627458,
      "state_estimation_error_std": 0.0735389753718296,
      "error_metric": "mean_absolute_state_estimation_error"
    },
    "told": {
      "method": "TOLD",
      "n_episodes": 50,
      "reward_mean": 1952.4329539488515,
      "reward_std": 1529.7935143733223,
      "reward_median": 1357.1948720670664,
      "reward_ci_95_lower": 1538.3078345793995,
      "reward_ci_95_upper": 2371.421975799041,
      "reward_min": 1.1647522920874764,
      "reward_max": 4558.009128898847,
      "rewards_raw": [
        176.23078767463377,
        3275.4048375411044,
        2726.3186379083822,
        4222.017086100674,
        939.3304481797021,
        1318.2056151450001,
        1065.4472823494043,
        1562.0731962893,
        2436.8827377142156,
        795.8530889343662,
        1.1647522920874764,
        786.9004227900642,
        3691.3001352344763,
        3933.7208256947147,
        266.03246417684306,
        2932.909497497793,
        197.35360678604954,
        821.779202712176,
        2206.050986457887,
        2197.539503968693,
        4558.009128898847,
        61.822060924368785,
        1108.4617467258183,
        1307.2395599299675,
        299.67091842614104,
        841.4471858244618,
        1110.2552793685259,
        3400.4030682026923,
        4413.129793695678,
        200.501451372681,
        4309.827007012465,
        3615.053678545613,
        2611.7459245172804,
        742.8887708479135,
        3776.018358590831,
        4138.490073988908,
        3752.734629809149,
        1205.2587853445036,
        1831.3710740199724,
        4127.96055556297,
        91.09336493107291,
        3989.645560269831,
        1396.1841289891327,
        1043.1675019930722,
        2429.1949718280853,
        110.84025781591953,
        700.3771716587255,
        529.2312309743575,
        21.824131038930517,
        4345.285210887098
      ],
      "state_estimation_error_mean": 0.1292872791603809,
      "state_estimation_error_std": 0.06441562436425584,
      "error_metric": "mean_absolute_state_estimation_error"
    }
  },
  "comparisons": {
    "rssm_vs_frozen": {
      "label": "RSSM vs Frozen",
      "method_a": "RSSM",
      "method_b": "Frozen Baseline",
      "mean_a": 1255.608315617704,
      "mean_b": 168.57499585508774,