{
  "env_id": "Walker2d-v4",
  "seed": 456,
  "standard": {
    "method": "PANO (dropout)",
    "n_episodes": 50,
    "reward_mean": 1085.795645129207,
    "reward_std": 875.7651180370619,
    "reward_median": 968.8254471620268,
    "reward_ci_95_lower": 856.8950641571793,
    "reward_ci_95_upper": 1344.5217202313206,
    "reward_min": 224.86846521712906,
    "reward_max": 3906.594634030625,
    "rewards_raw": [
      2669.171489524352,
      1392.3834602035206,
      224.86846521712906,
      879.818590670826,
      2797.7719473518773,
      3906.594634030625,
      774.1261104044135,
      1508.428804805101,
      1000.4439033150309,
      1541.3074364920715,
      1313.3986704965423,
      1460.3603143990126,
      277.24387233453507,
      364.4636602273543,
      1333.4202541892848,
      1601.774007306683,
      278.7722100921477,
      1179.79737152026,
      246.4255925509897,
      1856.9914916941323,
      754.5686806142864,
      1455.9398768801523,
      1468.3626860484917,
      1455.7294745573395,
      545.4287762649011,
      278.79286712692834,
      1192.289185351664,
      407.0162612936237,
      333.9799640082172,
      890.7027509809648,
      246.49767696203384,
      380.2668132850791,
      227.88407852949348,
      1229.0698482620933,
      321.5510033059109,
      243.10442091075478,
      2436.180437420742,
      325.0596653836865,
      1460.6979778350697,
      937.2069910090227,
      276.67410276210944,
      2304.0134836166276,
      3558.11923227678,
      1107.6551733244023,
      444.7083648769133,
      229.0866905866647,
      1242.2547574055855,
      294.9763168898883,
      265.811230500299,
      1368.5911813647406
    ],
    "state_estimation_error_mean": 1.125216365739349,
    "state_estimation_error_std": 0.8178965336057626,
    "error_metric": "mean_absolute_state_estimation_error",
    "contact_force_threshold": 50.0,
    "contact_source": "mujoco.mj_contactForce"
  },
  "large_net": {
    "method": "PANO (dropout)",
    "n_episodes": 50,
    "reward_mean": 1199.0093548612526,
    "reward_std": 852.6201443684565,
    "reward_median": 931.3618480786106,
    "reward_ci_95_lower": 979.2517764786046,
    "reward_ci_95_upper": 1444.3953016955327,
    "reward_min": 222.36647324265434,
    "reward_max": 3961.4502375414604,
    "rewards_raw": [
      1448.779875867835,
      709.8258034782226,
      1190.2050241426743,
      651.4468762134538,
      548.8134013915375,
      3732.9361224016748,
      659.1308118612943,
      345.68533477088977,
      1222.3558920971573,
      1313.249645976645,
      1301.3233534998305,
      480.1533432723731,
      3961.4502375414604,
      781.9679920147933,
      909.3842788288272,
      1861.4010583465677,
      222.36647324265434,
      395.32441573689897,
      266.77498715483677,
      479.568065146635,
      358.2399748870102,
      1101.0521191404266,
      849.1700204506958,
      1661.3407242665003,
      1284.76860958289,
      751.3312500876186,
      418.7644035411018,
      1170.7909498359174,
      897.9068001829959,
      817.1953068359024,
      1593.702331699758,
      953.3394173283941,
      1820.1636986576777,
      1928.3960539600862,
      1142.6069235806551,
      838.6563828342987,
      2194.276294513408,
      888.2129178299178,
      3719.9211114796517,
      1809.5110014719896,
      734.3878502009726,
      1733.18998334739,
      1257.2302662556272,
      2423.6761536469066,
      1030.4641805449453,
      656.6787001768693,
      1824.7593284962104,
      577.0664118881368,
      708.3828293024244,
      323.1427540499859
    ],
    "state_estimation_error_mean": 1.0781097230587355,
    "state_estimation_error_std": 0.8469656841723467,
    "error_metric": "mean_absolute_state_estimation_error",
    "contact_force_threshold": 50.0,
    "contact_source": "mujoco.mj_contactForce"
  },
  "large_data": {
    "method": "PANO (dropout)",
    "n_episodes": 50,
    "reward_mean": 1436.3623396182134,
    "reward_std": 937.4279112772889,
    "reward_median": 1067.9492473801795,
    "reward_ci_95_lower": 1186.284127010961,
    "reward_ci_95_upper": 1697.925330312199,
    "reward_min": 346.7701376277497,
    "reward_max": 3681.4626871836053,
    "rewards_raw": [
      1057.9899115011156,
      3613.1145289787382,
      2338.2437173195685,
      2279.4005293354217,
      939.7924074211867,
      3681.4626871836053,
      1558.1445727857702,
      2745.4097423362323,
      1064.9449570930133,
      1655.8900783700242,
      587.1409952257876,
      762.5681141351249,
      2569.7108404600936,
      527.6466325598927,
      2725.843430484583,
      972.9484216979404,
      867.4688199549507,
      1491.8526005743468,
      721.1097616993897,
      3049.7202743337884,
      505.2207340176758,
      346.7701376277497,
      877.1923867237606,
      1070.9535376673457,
      668.873897636387,
      3434.2788800668445,
      1695.2838654432398,
      850.5132540512972,
      376.19416257484227,
      897.153540635931,
      1614.7063490427022,
      1108.830140005028,
      2540.862835062019,
      1088.670243202905,
      1617.0640318375983,
      1005.0517969531915,
      3058.652338297992,
      499.52774140112376,
      1462.496812766185,
      1312.195335632234,
      879.2626802953441,
      377.25548329881383,
      790.749121450813,
      2610.6439724314346,
      1287.7256861093174,
      575.2594200042857,
      347.22553736116436,
      2198.847018415833,
      879.6743287225609,
      630.5786887244801
    ],
    "state_estimation_error_mean": 1.1508909225513284,
    "state_estimation_error_std": 0.8469133424220107,
    "error_metric": "mean_absolute_state_estimation_error",
    "contact_force_threshold": 50.0,
    "contact_source": "mujoco.mj_contactForce"
  }
}