{
  "env_id": "Walker2d-v4",
  "seed": 42,
  "standard": {
    "method": "PANO (dropout)",
    "n_episodes": 50,
    "reward_mean": 1356.1062617866314,
    "reward_std": 973.3857159838734,
    "reward_median": 1071.0324901690406,
    "reward_ci_95_lower": 1098.8097989840924,
    "reward_ci_95_upper": 1642.7305837194447,
    "reward_min": 219.68635746794342,
    "reward_max": 3915.6978866064446,
    "rewards_raw": [
      3855.860352970663,
      1569.95009138589,
      1118.6056371862937,
      754.1207729940387,
      433.1324007162856,
      1421.488979387472,
      3291.0798108195986,
      255.24759456595888,
      2274.098850129224,
      1167.8729613907037,
      1730.7185919381209,
      219.68635746794342,
      912.1544033215382,
      3915.6978866064446,
      1033.6282137820021,
      1592.4025486737569,
      3076.729984855336,
      673.458849583784,
      502.253666906963,
      945.709149897044,
      971.6394852931413,
      1394.4723531581649,
      1209.208748750447,
      816.0549662922214,
      2944.63695717143,
      2693.6432090001413,
      265.4640511717089,
      858.193131920758,
      2395.62652726202,
      743.0892480622094,
      458.51799543488994,
      1511.6543769236846,
      1000.4385799896468,
      444.82515674962633,
      3466.198182962773,
      590.9142782274178,
      1364.8802004710642,
      459.64088365762393,
      1307.3452998141515,
      552.8847157366102,
      1440.5902001466193,
      1367.309127566998,
      988.3267786881245,
      1108.4367665560792,
      2469.2132080914507,
      560.5979547764982,
      669.82936951445,
      484.41454628112774,
      523.6291371845502,
      1999.740547896893
    ],
    "state_estimation_error_mean": 1.1119783902500888,
    "state_estimation_error_std": 0.8468358626515268,
    "error_metric": "mean_absolute_state_estimation_error",
    "contact_force_threshold": 50.0,
    "contact_source": "mujoco.mj_contactForce"
  },
  "large_net": {
    "method": "PANO (dropout)",
    "n_episodes": 50,
    "reward_mean": 1517.304124108077,
    "reward_std": 1047.1453621486057,
    "reward_median": 1170.4473032244077,
    "reward_ci_95_lower": 1242.3803839625182,
    "reward_ci_95_upper": 1817.558599187428,
    "reward_min": 245.65751516213757,
    "reward_max": 3918.981350813452,
    "rewards_raw": [
      1051.4525491079532,
      735.1285686130932,
      1135.7427204855073,
      245.65751516213757,
      3831.2151566497464,
      1055.7877130390343,
      1252.9586702331221,
      763.1790429419597,
      2567.3028002037317,
      916.9923022776144,
      303.3707937972655,
      428.51953682144057,
      254.43925242049755,
      896.1855817002154,
      535.6440758003962,
      3795.086037761179,
      514.1295754393159,
      2368.913261905036,
      3384.0672419840166,
      2570.7781008919437,
      673.0302444507025,
      736.2131444217384,
      1320.1100203708572,
      1080.5248379228144,
      1816.1275276889323,
      1227.2861680929154,
      1476.4420962436734,
      1228.313215490992,
      1205.1518859633084,
      1422.1417330143424,
      818.1702063296075,
      1017.6955049431155,
      1813.151725331655,
      1011.4925747178744,
      2425.9327106032015,
      795.0607197224599,
      979.5139206024232,
      747.8156439231084,
      2121.802587255307,
      3199.331286156272,
      3908.9444895793313,
      862.4933115324881,
      733.5198969237424,
      449.21104854728253,
      1906.9311320045413,
      3317.5956052109664,
      1405.3897209918096,
      3918.981350813452,
      2397.994628280699,
      1242.286771039042
    ],
    "state_estimation_error_mean": 1.055915207016826,
    "state_estimation_error_std": 0.8542986539431965,
    "error_metric": "mean_absolute_state_estimation_error",
    "contact_force_threshold": 50.0,
    "contact_source": "mujoco.mj_contactForce"
  },
  "large_data": {
    "method": "PANO (dropout)",
    "n_episodes": 50,
    "reward_mean": 1205.8526163875058,
    "reward_std": 926.6800541012649,
    "reward_median": 957.6779343820449,
    "reward_ci_95_lower": 965.1539110712079,
    "reward_ci_95_upper": 1474.2210488245369,
    "reward_min": 297.94216583896053,
    "reward_max": 4059.91393730616,
    "rewards_raw": [
      931.8583927711389,
      2364.967732680831,
      1224.6154844609628,
      1536.174697190532,
      1108.8910761376412,
      297.94216583896053,
      689.2305272908112,
      2307.385842475009,
      311.721903251487,
      301.23240023053074,
      1200.8564384941178,
      854.9925581898652,
      3887.040271156767,
      1498.8194282666211,
      373.9580266139207,
      343.4994960960806,
      1267.18854878243,
      1967.497928330188,
      474.569410727674,
      788.9417279515053,
      2331.0391104465934,
      307.6435585396308,
      1827.1604920773946,
      405.40663279791096,
      2706.0483677979705,
      626.7816765793816,
      555.7662235541574,
      829.9061150201878,
      728.800200318801,
      1069.8503649389836,
      4059.91393730616,
      942.2663404412449,
      881.2630634956595,
      1234.5797109580265,
      3040.0545624514643,
      973.089528322845,
      3271.674270892206,
      1177.7673360967408,
      999.7354772860871,
      1314.7699149172793,
      748.2815069588879,
      1108.0196937187734,
      307.91831409675325,
      372.7340561640879,
      303.7557520836286,
      630.1086437699106,
      1295.4770361643943,
      755.4574072391235,
      1445.3522272843527,
      310.62524071957216
    ],
    "state_estimation_error_mean": 1.155224814260944,
    "state_estimation_error_std": 0.8511347218283113,
    "error_metric": "mean_absolute_state_estimation_error",
    "contact_force_threshold": 50.0,
    "contact_source": "mujoco.mj_contactForce"
  }
}