{
  "env_id": "Walker2d-v4",
  "seed": 123,
  "standard": {
    "method": "PANO (dropout)",
    "n_episodes": 50,
    "reward_mean": 1311.8349003655521,
    "reward_std": 1001.3019413154183,
    "reward_median": 1009.5068367907293,
    "reward_ci_95_lower": 1044.5607377618996,
    "reward_ci_95_upper": 1594.7029561902482,
    "reward_min": 136.09523888503008,
    "reward_max": 3854.701957101241,
    "rewards_raw": [
      1304.8427754936781,
      2608.9999812351416,
      3415.628337445281,
      3854.701957101241,
      836.2896950317321,
      456.0867162335279,
      211.214985383044,
      542.0064915010931,
      324.7242089686455,
      1570.258151496804,
      3130.863809475288,
      1281.9042162689325,
      783.8278562277924,
      613.117185757439,
      1305.6562193337684,
      2524.94665332626,
      2555.4846595261206,
      931.0262422798424,
      633.369711607117,
      472.5313568044008,
      883.8489374341655,
      2339.5367990052578,
      454.0286174479918,
      409.2677937461128,
      136.09523888503008,
      1161.1252003105035,
      276.3670716590947,
      1345.5462506866731,
      365.49354476493505,
      1128.2990536231532,
      1064.5870862417794,
      1058.5038587030895,
      1476.859695704677,
      1388.1303482503752,
      222.22941134096715,
      3165.0016417583533,
      960.5098148783692,
      884.71148941138,
      707.1709683631228,
      1786.0643725034095,
      2267.3407040309953,
      338.6411677310085,
      773.0853721616049,
      2362.117234657977,
      642.7427076901802,
      2655.7026938865756,
      1306.3710434407903,
      756.6513257557775,
      3664.609759407293,
      253.6246042998212
    ],
    "state_estimation_error_mean": 1.1423188260253097,
    "state_estimation_error_std": 0.8572393974318275,
    "error_metric": "mean_absolute_state_estimation_error",
    "contact_force_threshold": 50.0,
    "contact_source": "mujoco.mj_contactForce"
  },
  "large_net": {
    "method": "PANO (dropout)",
    "n_episodes": 50,
    "reward_mean": 1155.5858823695673,
    "reward_std": 736.5448133578442,
    "reward_median": 1003.7104146207696,
    "reward_ci_95_lower": 960.5075037372563,
    "reward_ci_95_upper": 1363.907638176202,
    "reward_min": 231.4455107491326,
    "reward_max": 3582.253072597068,
    "rewards_raw": [
      1634.8198888416084,
      485.29007958372557,
      900.833517396373,
      1334.3328823199602,
      626.5673483811611,
      1262.172852565295,
      2151.7171211932914,
      1180.5332573031353,
      1312.6871144466502,
      1806.2834348119038,
      654.0705123821565,
      231.4455107491326,
      973.1885821132178,
      262.3955462710333,
      1869.6811405877988,
      2340.4943785809223,
      915.2663706696185,
      3582.253072597068,
      1386.2758499954464,
      315.0800992070094,
      1255.3646056394882,
      394.70781687160746,
      279.94518409296774,
      581.7216344060679,
      492.6921644924301,
      872.6450233039637,
      2961.6772865875955,
      1796.8536244193135,
      1439.4104505682108,
      713.7547581024662,
      2991.6291134462786,
      1435.6568678381636,
      1932.9991418583413,
      1138.317270096752,
      987.0756785961377,
      534.3494817566417,
      1158.5762033932613,
      931.2773670747532,
      634.6544239359191,
      359.11622756508405,
      862.4332943987314,
      1020.3451506454015,
      1219.2735903230362,
      1477.2334116421314,
      581.8546901433907,
      833.2101013047625,
      1526.3617977815902,
      237.97657965087205,
      1292.0210385652488,
      610.7715799812486
    ],
    "state_estimation_error_mean": 1.0646759185178978,
    "state_estimation_error_std": 0.8483191694421861,
    "error_metric": "mean_absolute_state_estimation_error",
    "contact_force_threshold": 50.0,
    "contact_source": "mujoco.mj_contactForce"
  },
  "large_data": {
    "method": "PANO (dropout)",
    "n_episodes": 50,
    "reward_mean": 1214.6335938326838,
    "reward_std": 890.9757696649373,
    "reward_median": 1025.7587654795532,
    "reward_ci_95_lower": 980.6145965821253,
    "reward_ci_95_upper": 1466.6410550768267,
    "reward_min": 266.5961577830745,
    "reward_max": 3930.9987651956562,
    "rewards_raw": [
      423.3165076877801,
      1484.7877009690255,
      882.6822049251012,
      731.0747812920673,
      1188.0896629670829,
      1624.751058147818,
      1023.9675240899325,
      301.1844338711785,
      510.775991743046,
      272.84458669655766,
      358.9215664967345,
      2454.234780764443,
      764.3583159999115,
      289.3510743022978,
      572.849792083327,
      1154.356997272977,
      1893.0545175641212,
      320.8256761308755,
      275.0862810107595,
      1590.1615218354227,
      656.7188343303652,
      730.8455180029563,
      3103.8197816528027,
      745.7385539828844,
      1136.7882619647626,
      266.5961577830745,
      2516.4231422824323,
      603.8674221529359,
      1281.5726009642356,
      3930.9987651956562,
      1856.3318657039151,
      1119.8948561064087,
      472.7781455441506,
      1313.2379701830773,
      3465.145841817175,
      414.5408340003895,
      533.4958161868459,
      1027.550006869174,
      1119.8973149992225,
      2603.5968661329484,
      2809.448913767462,
      2061.7125631163103,
      557.4338133765118,
      1841.4900162327524,
      340.79573217057174,
      860.2385459837068,
      1399.9526241759236,
      1644.876581688081,
      667.7885857204122,
      1531.4287836965786
    ],
    "state_estimation_error_mean": 1.1472940749987792,
    "state_estimation_error_std": 0.836228620157686,
    "error_metric": "mean_absolute_state_estimation_error",
    "contact_force_threshold": 50.0,
    "contact_source": "mujoco.mj_contactForce"
  }
}