{
  "experiment": "hopper_pano",
  "env_id": "Hopper-v4",
  "n_episodes": 100,
  "dropout_duration": 5,
  "velocity_threshold": 0.1,
  "seed": 42,
  "methods": {
    "oracle": {
      "method": "Oracle (no dropout)",
      "n_episodes": 100,
      "reward_mean": 1116.4528915639662,
      "reward_std": 69.94519254778007,
      "reward_median": 1108.017766767855,
      "reward_ci_95_lower": 1105.5124467362762,
      "reward_ci_95_upper": 1131.7381575684396,
      "reward_min": 1050.2905229502687,
      "reward_max": 1708.1845298962064,
      "rewards_raw": [
        1114.6919593486011,
        1127.9023132474783,
        1092.6533314191463,
        1089.5559701032703,
        1114.2549471666887,
        1096.976663003516,
        1112.414685765378,
        1119.4766811126951,
        1101.324881048279,
        1089.858808010129,
        1108.0597457717504,
        1107.925567258139,
        1120.0736649509377,
        1117.702374977447,
        1098.6745112390595,
        1110.3889607598292,
        1173.368391863967,
        1113.1194275409255,
        1090.727796700933,
        1050.2905229502687,
        1090.9072874137212,
        1092.3618761529356,
        1133.6415384425457,
        1123.7991719975562,
        1095.4726663854326,
        1147.7512252751094,
        1090.0129510328927,
        1093.5882014723493,
        1068.063983799194,
        1085.4793510947056,
        1127.007098916024,
        1104.4735532222699,
        1087.5670534501983,
        1119.0506971686038,
        1085.7624849821132,
        1095.5521656907483,
        1107.538970568974,
        1107.781862112853,
        1119.087051960723,
        1110.2217065272803,
        1105.4276717897694,
        1090.7351627828737,
        1090.6929429493296,
        1105.094000027582,
        1121.1153598051135,
        1113.4455675598115,
        1094.0926179514254,
        1307.713882199524,
        1105.3342792559934,
        1096.5048016915475,
        1114.2427753000684,
        1077.18298883353,
        1708.1845298962064,
        1116.5739406896444,
        1116.47788001797,
        1113.8615570803138,
        1117.188351108678,
        1088.2523068958326,
        1096.6630691481066,
        1107.9757877639593,
        1116.926382760136,
        1122.1487991798085,
        1074.5601782870551,
        1116.501998491063,
        1119.420122931604,
        1108.7273454251645,
        1118.4720799696693,
        1096.3421606526388,
        1094.459337462855,
        1147.729764806799,
        1342.5763449389096,
        1123.5481919661972,
        1174.316704543141,
        1059.9766519861903,
        1090.5862441707761,
        1110.973645429382,
        1124.5471652742058,
        1091.8532772234469,
        1108.5368959318123,
        1111.1368373930052,
        1137.1782546299842,
        1114.2986876617301,
        1084.8248760680729,
        1115.4642778801392,
        1073.743645206245,
        1094.2977731899728,
        1112.4210532188183,
        1104.505208264501,
        1121.4868123237018,
        1086.3479809070302,
        1113.5857319689444,
        1112.722738383957,
        1097.7723084725371,
        1092.8344006516743,
        1110.0848478137407,
        1089.4552097562585,
        1102.1519534674173,
        1096.779597340036,
        1112.9858225393587,
        1097.6862731766996
      ]
    },
    "frozen_baseline": {
      "method": "Frozen Baseline (dropout)",
      "n_episodes": 100,
      "reward_mean": 380.13038500437824,
      "reward_std": 251.60043847718651,
      "reward_median": 285.3685191512059,
      "reward_ci_95_lower": 331.598118281294,
      "reward_ci_95_upper": 431.1210615681447,
      "reward_min": 62.67909575082063,
      "reward_max": 1259.3066337242738,
      "rewards_raw": [
        216.80311804074174,
        134.26748581929627,
        62.67909575082063,
        595.1117719322209,
        169.11799547341644,
        814.0972056675287,
        93.84979064513158,
        202.2046335977959,
        91.52223389190216,
        186.5201655690108,
        529.7334590594573,
        89.9193664209432,
        520.9806496389455,
        824.8624603133472,
        173.06608945467707,
        633.4249128868252,
        286.5365312408452,
        216.5506818613925,
        220.13393549155853,
        768.9167101619945,
        148.5245951494185,
        606.491318413457,
        471.78521804791575,
        141.09942933184905,
        571.8336749705917,
        492.46696595406115,
        213.9432648863323,
        941.919404639744,
        142.37237706402516,
        537.9677863127068,
        215.29904179593458,
        351.3567302972018,
        91.8705612450034,
        235.46653349145078,
        584.5887541137529,
        208.94474588645886,
        866.1724183200531,
        625.3342463631897,
        103.29246629559742,
        144.02373000237543,
        570.2352348274019,
        466.9370113107956,
        206.62435493376057,
        315.2954951868128,
        144.12016602117765,
        552.7575673134232,
        207.12329365968336,
        590.08092377163,
        373.09681636819363,
        110.96018565539919,
        204.82584234472074,
        97.56457153329876,
        149.7250650657899,
        225.38641274230054,
        694.6379385127854,
        624.7237855152274,
        205.0512906653175,
        302.7171139809591,
        92.15974408158256,
        377.55883880737,
        491.6766795860585,
        595.9424471444817,
        284.20050706156655,
        339.86266177913166,
        587.084055024987,
        614.7852289317924,
        591.8790333915667,
        479.1691653671243,
        1259.3066337242738,
        174.6137587188195,
        632.5476560474572,
        215.5533657490611,
        242.1475615939279,
        211.71692328393735,
        906.8485160076166,
        146.6227861037774,
        777.0508836476675,
        232.86147227526024,
        257.2745692455084,
        227.3733024089468,
        171.08917508951856,
        392.54809295803153,
        667.9277409957439,
        330.1848278967332,
        95.6203742510161,
        230.33853770979803,
        245.19711588512286,
        522.3870497483886,
        103.00342033079866,
        180.07674346194932,
        882.2138499095944,
        479.9797250996201,
        94.36728649836957,
        92.35441020181648,
        482.67422310552496,
        565.9310648682532,
        227.19518154951186,
        816.6059222898384,
        522.5362525751567,
        605.6570911234747
      ],
      "velocity_error_mean": 0.7373396614493882,
      "velocity_error_std": 0.5928708235393045
    },
    "ekf": {
      "method": "EKF Baseline (dropout)",
      "n_episodes": 100,
      "reward_mean": 26.50189768527358,
      "reward_std": 14.716155386992456,
      "reward_median": 16.848203904795383,
      "reward_ci_95_lower": 23.8168854921052,
      "reward_ci_95_upper": 29.506518756752,
      "reward_min": 14.556054042053162,
      "reward_max": 78.84506969723698,