{
  "experiment": "hopper_pano",
  "env_id": "Hopper-v4",
  "n_episodes": 2,
  "dropout_duration": 5,
  "velocity_threshold": 0.1,
  "seed": 42,
  "methods": {
    "oracle": {
      "method": "Oracle (no dropout)",
      "n_episodes": 2,
      "reward_mean": 1121.2971362980397,
      "reward_std": 9.341130823770216,
      "reward_median": 1121.2971362980397,
      "reward_ci_95_lower": 1114.6919593486011,
      "reward_ci_95_upper": 1127.9023132474783,
      "reward_min": 1114.6919593486011,
      "reward_max": 1127.9023132474783,
      "rewards_raw": [
        1114.6919593486011,
        1127.9023132474783
      ]
    },
    "frozen_baseline": {
      "method": "Frozen Baseline (dropout)",
      "n_episodes": 2,
      "reward_mean": 175.535301930019,
      "reward_std": 58.361505233303,
      "reward_median": 175.535301930019,
      "reward_ci_95_lower": 134.26748581929627,
      "reward_ci_95_upper": 216.80311804074174,
      "reward_min": 134.26748581929627,
      "reward_max": 216.80311804074174,
      "rewards_raw": [
        216.80311804074174,
        134.26748581929627
      ],
      "velocity_error_mean": 0.6476000728265316,
      "velocity_error_std": 0.5248118340531049
    },
    "ekf": {
      "method": "EKF Baseline (dropout)",
      "n_episodes": 2,
      "reward_mean": 30.541905506662893,
      "reward_std": 16.244504670084293,
      "reward_median": 30.541905506662893,
      "reward_ci_95_lower": 19.05530609742975,
      "reward_ci_95_upper": 42.028504915896036,
      "reward_min": 19.05530609742975,
      "reward_max": 42.028504915896036,
      "rewards_raw": [
        19.05530609742975,
        42.028504915896036
      ],
      "velocity_error_mean": 1.45634364930308,
      "velocity_error_std": 0.8828307343148054
    },
    "pano": {
      "method": "PANO (dropout)",
      "n_episodes": 2,
      "reward_mean": 321.3437325571599,
      "reward_std": 257.67688767030575,
      "reward_median": 321.3437325571599,
      "reward_ci_95_lower": 139.13865793044246,
      "reward_ci_95_upper": 503.5488071838774,
      "reward_min": 139.13865793044246,
      "reward_max": 503.5488071838774,
      "rewards_raw": [
        503.5488071838774,
        139.13865793044246
      ],
      "velocity_error_mean": 0.6458032205919338,
      "velocity_error_std": 0.5361539497296357
    }
  },
  "comparisons": {
    "pano_vs_frozen": {
      "label": "PANO vs Frozen Baseline",
      "method_a": "PANO (dropout)",
      "method_b": "Frozen Baseline (dropout)",
      "mean_a": 321.3437325571599,
      "mean_b": 175.535301930019,
      "improvement_absolute": 145.80843062714092,
      "improvement_pct": 83.06501827493975,
      "t_statistic": 0.7804753819375634,
      "p_value": 0.5680258568743001,
      "cohens_d": 0.7804753819375634,
      "significant_005": false,
      "significant_001": false
    },
    "pano_vs_ekf": {
      "label": "PANO vs EKF",
      "method_a": "PANO (dropout)",
      "method_b": "EKF Baseline (dropout)",
      "mean_a": 321.3437325571599,
      "mean_b": 30.541905506662893,
      "improvement_absolute": 290.801827050497,
      "improvement_pct": 952.1404189632402,
      "t_statistic": 1.59285176751033,
      "p_value": 0.35548297080165236,
      "cohens_d": 1.59285176751033,
      "significant_005": false,
      "significant_001": false
    },
    "ekf_vs_frozen": {
      "label": "EKF vs Frozen Baseline",
      "method_a": "EKF Baseline (dropout)",
      "method_b": "Frozen Baseline (dropout)",
      "mean_a": 30.541905506662893,
      "mean_b": 175.535301930019,
      "improvement_absolute": -144.9933964233561,
      "improvement_pct": -82.60070471816599,
      "t_statistic": -3.384801409499967,
      "p_value": 0.1557767050676058,
      "cohens_d": -3.384801409499967,
      "significant_005": false,
      "significant_001": false
    }
  }
}