{
  "experiment": "sota_baselines",
  "env_id": "Hopper-v4",
  "n_episodes": 100,
  "dropout_duration": 5,
  "methods": {
    "oracle": {
      "method": "Oracle (no dropout)",
      "n_episodes": 100,
      "reward_mean": 1116.4528915639662,
      "reward_std": 69.94519254778007,
      "reward_median": 1108.017766767855,
      "reward_ci_95_lower": 1105.5124467362762,
      "reward_ci_95_upper": 1131.7381575684396,
      "reward_min": 1050.2905229502687,
      "reward_max": 1708.1845298962064,
      "rewards_raw": [
        1114.6919593486011,
        1127.9023132474783,
        1092.6533314191463,
        1089.5559701032703,
        1114.2549471666887,
        1096.976663003516,
        1112.414685765378,
        1119.4766811126951,
        1101.324881048279,
        1089.858808010129,
        1108.0597457717504,
        1107.925567258139,
        1120.0736649509377,
        1117.702374977447,
        1098.6745112390595,
        1110.3889607598292,
        1173.368391863967,
        1113.1194275409255,
        1090.727796700933,
        1050.2905229502687,
        1090.9072874137212,
        1092.3618761529356,
        1133.6415384425457,
        1123.7991719975562,
        1095.4726663854326,
        1147.7512252751094,
        1090.0129510328927,
        1093.5882014723493,
        1068.063983799194,
        1085.4793510947056,
        1127.007098916024,
        1104.4735532222699,
        1087.5670534501983,
        1119.0506971686038,
        1085.7624849821132,
        1095.5521656907483,
        1107.538970568974,
        1107.781862112853,
        1119.087051960723,
        1110.2217065272803,
        1105.4276717897694,
        1090.7351627828737,
        1090.6929429493296,
        1105.094000027582,
        1121.1153598051135,
        1113.4455675598115,
        1094.0926179514254,
        1307.713882199524,
        1105.3342792559934,
        1096.5048016915475,
        1114.2427753000684,
        1077.18298883353,
        1708.1845298962064,
        1116.5739406896444,
        1116.47788001797,
        1113.8615570803138,
        1117.188351108678,
        1088.2523068958326,
        1096.6630691481066,
        1107.9757877639593,
        1116.926382760136,
        1122.1487991798085,
        1074.5601782870551,
        1116.501998491063,
        1119.420122931604,
        1108.7273454251645,
        1118.4720799696693,
        1096.3421606526388,
        1094.459337462855,
        1147.729764806799,
        1342.5763449389096,
        1123.5481919661972,
        1174.316704543141,
        1059.9766519861903,
        1090.5862441707761,
        1110.973645429382,
        1124.5471652742058,
        1091.8532772234469,
        1108.5368959318123,
        1111.1368373930052,
        1137.1782546299842,
        1114.2986876617301,
        1084.8248760680729,
        1115.4642778801392,
        1073.743645206245,
        1094.2977731899728,
        1112.4210532188183,
        1104.505208264501,
        1121.4868123237018,
        1086.3479809070302,
        1113.5857319689444,
        1112.722738383957,
        1097.7723084725371,
        1092.8344006516743,
        1110.0848478137407,
        1089.4552097562585,
        1102.1519534674173,
        1096.779597340036,
        1112.9858225393587,
        1097.6862731766996
      ]
    },
    "frozen": {
      "method": "Frozen Baseline",
      "n_episodes": 100,
      "reward_mean": 460.4527012948115,
      "reward_std": 310.52940116155463,
      "reward_median": 569.4415494280474,
      "reward_ci_95_lower": 401.4410059562456,
      "reward_ci_95_upper": 522.1084383431875,
      "reward_min": 113.68248225529248,
      "reward_max": 1151.4148811511861,
      "rewards_raw": [
        661.1466601993108,
        1151.4148811511861,
        211.80359775011522,
        691.8116448461739,
        943.563838169551,
        1004.2223355864222,
        404.93108327806453,
        137.30521031401122,
        132.63802463256064,
        219.95724831486655,
        134.31372525293534,
        135.4702639262519,
        612.4386651976235,
        118.66333082218215,
        622.7678577279406,
        114.2188363344395,
        729.0603565648983,
        670.7552308159517,
        908.2374863357036,
        680.6790322455253,
        113.95522712917008,
        678.3354848215024,
        138.8591983314915,
        625.7385791139569,
        678.0378876971672,
        815.4315878824711,
        591.8848227813761,
        134.72492388114426,
        687.2933096424446,
        821.1256626166529,
        868.5051178679164,
        673.2790259229172,
        667.1740616709823,
        172.67645968707427,
        116.25063415293306,
        136.92096775513244,
        987.8061440880614,
        137.7022412986886,
        200.28380822757828,
        609.2974278816774,
        138.3843228032065,
        208.84739325242566,
        661.9506791059972,
        663.8905740371708,
        894.4841591736613,
        613.4369668951819,
        610.808646499102,
        114.3517354743343,
        113.68248225529248,
        113.7590701062245,
        915.9446188796903,
        684.1877735917535,
        116.66756104911308,
        639.9292116532852,
        687.6508660261561,
        611.7430615580456,
        669.8519651923082,
        695.5154387575083,
        551.3986870269371,
        138.71314197188957,
        114.37793667804308,
        718.8027173506034,
        587.4844118291579,
        679.4388765610576,
        199.32818804070686,
        136.42348997798882,
        135.95125251065187,
        460.8772750572776,
        395.3726432161074,
        679.6770429894572,
        117.02658086107319,
        199.9941136914511,
        347.062172751732,
        684.343235073771,
        1003.9142527133972,
        688.0437446686155,
        118.65622317125317,
        114.3815296299461,
        950.0567010243451,
        140.08659233674504,
        140.86350243220264,
        148.71787835187519,
        113.81076572124933,
        134.5782366767791,
        134.94677815963527,
        157.56668140330203,
        686.5287562347311,
        513.3219378501799,
        201.22470945850725,
        116.83505179546762,
        700.0360087391545,
        133.3812210246147,
        605.125288702961,
        672.530117088873,
        691.3538141386543,
        904.425435735415,
        135.5803174613639,
        133.51486017844368,
        116.53697141814817,
        1147.2125795508678
      ],
      "velocity_error_mean": 0.6729314782472879,
      "velocity_error_std": 0.5717048206905692
    },
    "rssm": {
      "method": "Simplified RSSM",
      "n_episodes": 100,
      "reward_mean": 46.33403295078992,
      "reward_std": 31.010575413785162,
      "reward_median": 39.23221813957521,
      "reward_ci_95_lower": 40.86002366695839,
      "reward_ci_95_upper": 52.99154990106205,
      "reward_min": 18.608281524459375,
      "reward_max": 241.8659373321835,