{
  "experiment": "sota_baselines",
  "env_id": "Hopper-v4",
  "n_episodes": 100,
  "dropout_duration": 5,
  "seed": 42,
  "train_seed": 42,
  "eval_seed": 10042,
  "methods": {
    "oracle": {
      "method": "Oracle (no dropout)",
      "n_episodes": 100,
      "reward_mean": 1189.1611859337766,
      "reward_std": 422.97559810027417,
      "reward_median": 1106.3794917003304,
      "reward_ci_95_lower": 1115.9720729597918,
      "reward_ci_95_upper": 1281.392280296392,
      "reward_min": 1052.033696803386,
      "reward_max": 3580.276989905272,
      "rewards_raw": [
        1110.6078935905227,
        1095.4372812561614,
        1092.0385280561002,
        1379.2129797496639,
        1105.4765453758016,
        1114.5578139546915,
        1094.4057839931274,
        1108.2178586944342,
        1107.03827324686,
        1076.7867568210568,
        1103.410543274578,
        1110.4232472476865,
        1115.4745435649295,
        1137.1459979650774,
        1120.764866321513,
        1091.2717836178206,
        1114.5291702577015,
        1120.1097380127533,
        1113.8130755703128,
        1112.4758652338014,
        1088.0699997332063,
        1078.2484161820605,
        1094.6341730411023,
        1111.1403812251424,
        1112.8778811158336,
        1088.285290647666,
        1118.723990935289,
        1093.639275524742,
        1557.4094586412007,
        1095.7048876209642,
        1076.6464581227458,
        1110.9878610759934,
        1098.3788845264703,
        1114.438685400856,
        1110.6970486527828,
        1105.7207101538008,
        1112.1328806950826,
        1098.2108774818726,
        1052.033696803386,
        1063.9098042365717,
        1096.926991423654,
        3539.663488155781,
        1111.8664678092046,
        1120.6657270896599,
        1097.6464307378367,
        1063.8347332354267,
        1076.5431422329664,
        1129.3906009008222,
        1104.0441001930521,
        1109.1300866448123,
        1089.4622225543717,
        1095.6763629596014,
        1148.1381054896576,
        1059.5892977079036,
        1110.9734407517205,
        1459.1144153349335,
        1171.2011254837341,
        1108.289868293228,
        1104.1440849867306,
        1172.56302426083,
        1098.307002428424,
        1116.8797814645152,
        3536.7348635951353,
        1102.8043248296708,
        1098.5031832966474,
        1086.3507739625993,
        1168.4510798672966,
        1104.3605585000757,
        1101.8989149429872,
        3580.276989905272,
        1093.3555743978895,
        1088.4827019132265,
        1095.7959321782243,
        1116.6879427362628,
        1084.7728469062965,
        1168.336942101649,
        1113.8967935880314,
        1064.335264622947,
        1112.6491573302644,
        1120.7029027674616,
        1093.641915891228,
        1111.4335474648335,
        1094.8126782488137,
        1118.1134740553475,
        1100.3242087323904,
        1078.5224725725582,
        1094.909056536587,
        1114.6169032656635,
        1058.8493645958106,
        1126.4899774367268,
        1122.0935561795704,
        1091.8638523335956,
        1092.2675412420556,
        1097.634709348568,
        1114.9763772830165,
        1128.243650301798,
        1112.481694002102,
        1091.5926167673338,
        1150.8583446399157,
        1094.856197277581
      ]
    },
    "frozen": {
      "method": "Frozen Baseline",
      "n_episodes": 100,
      "reward_mean": 419.98859992770105,
      "reward_std": 343.27198334686926,
      "reward_median": 202.74728157988602,
      "reward_ci_95_lower": 354.41122331333577,
      "reward_ci_95_upper": 488.88285027745945,
      "reward_min": 111.78182044943591,
      "reward_max": 1745.8877291133783,
      "rewards_raw": [
        114.08924183161623,
        142.92199050787974,
        188.59563128053094,
        114.67014429079845,
        616.4262063833464,
        196.4677880966116,
        971.5371270702576,
        114.2532876751493,
        553.1071176097754,
        117.57785926430608,
        648.5457377456764,
        482.04182349510734,
        838.3922304136772,
        889.9210022131929,
        945.1822535744305,
        899.0824872910505,
        143.79032308757525,
        707.4241488410036,
        114.18978429718646,
        135.68931909626033,
        133.23602446880298,
        143.11714836846383,
        161.26257668776196,
        916.2151501489687,
        1745.8877291133783,
        635.5253975088021,
        174.99331454685748,
        528.6012848269748,
        116.65148310481632,
        139.15873298756082,
        135.84433535113735,
        140.72122130463083,
        707.6333234798136,
        564.5778351645882,
        555.1591860350718,
        901.1468995318892,
        114.0817702171411,
        141.85433481695165,
        138.56067840221914,
        138.38028822494988,
        591.653022179791,
        114.19162789989029,
        599.0552733883557,
        986.3917750797829,
        975.3892266913489,
        137.46146969164963,
        640.110462973082,
        617.9631206990456,
        975.2412528246809,
        501.41045665480897,
        134.90922499114515,
        826.2912371717164,
        193.56143884027543,
        135.86954452684685,
        537.641455847344,
        114.31141723492652,
        1112.5928701210378,
        926.0785565124668,
        1168.683965709053,
        865.0019278920569,
        544.967929591546,
        134.18902240543795,
        116.48720056397275,
        609.3048980006625,
        133.65171113044937,
        613.7048041020122,
        680.5021754731775,
        663.7404137671406,
        133.67188113576077,
        116.38405790057479,
        206.10343757745466,
        204.89030559734843,
        854.955729951368,
        115.9664529719498,
        136.77908570908332,
        141.93051805323174,
        111.78182044943591,
        378.3657816134207,
        592.3073800679826,
        210.53140195410577,
        138.83602689456765,
        140.7272107164574,
        142.6558483149074,
        189.66634081515895,
        693.2147866889178,
        182.048351284147,
        136.13448355656945,
        200.6042575624236,
        172.28886472249778,
        208.57445327420513,
        197.66620172678896,
        702.361199868402,
        761.924757290165,
        899.9780429634983,
        471.67595120733574,
        140.41441715260746,
        210.2521661078161,
        136.37206656973515,
        139.03183054250158,
        113.89318220977094
      ],
      "state_estimation_error_mean": 0.662859797670885,
      "state_estimation_error_std": 0.5641149109887789,
      "error_metric": "mean_absolute_state_estimation_error"
    },
    "rssm": {
      "method": "Simplified RSSM",
      "n_episodes": 100,
      "reward_mean": 43.92073796982144,
      "reward_std": 29.8602426485163,
      "reward_median": 39.020841124996316,
      "reward_ci_95_lower": 38.64636047810025,
      "reward_ci_95_upper": 50.04859009447688,
      "reward_min": 18.59121968589356,
      "reward_max": 201.50651625505782,