{
  "fd_curve": {
    "0.5": 0.0,
    "0.55": 0.0,
    "0.6000000000000001": 0.0,
    "0.6500000000000001": 0.0,
    "0.7000000000000002": 0.0,
    "0.7500000000000002": 0.0,
    "0.8000000000000003": 0.0,
    "0.8500000000000003": 0.0,
    "0.9000000000000004": 0.0,
    "0.9500000000000004": 0.0,
    "1.0000000000000004": 0.0,
    "1.0500000000000005": 0.0,
    "1.1000000000000005": 0.0,
    "1.1500000000000006": 0.0,
    "1.2000000000000006": 0.0,
    "1.2500000000000007": 0.0,
    "1.3000000000000007": 0.0,
    "1.3500000000000008": 0.0,
    "1.4000000000000008": 0.0,
    "1.4500000000000008": 0.0,
    "1.5": 1.0,
    "1.5000000000000009": 1.0,
    "2.0": 1.0,
    "2.5": 1.0,
    "3.0": 1.0,
    "3.5": 1.0
  },
  "cont_curve": {
    "0.5": 0.0,
    "0.55": 0.0,
    "0.6000000000000001": 0.0,
    "0.6500000000000001": 0.0,
    "0.7000000000000002": 0.0,
    "0.7500000000000002": 0.0,
    "0.8000000000000003": 0.0,
    "0.8500000000000003": 0.0,
    "0.9000000000000004": 0.0,
    "0.9500000000000004": 0.0,
    "1.0000000000000004": 0.0,
    "1.0500000000000005": 0.0,
    "1.1000000000000005": 0.0,
    "1.1500000000000006": 0.0,
    "1.2000000000000006": 0.0,
    "1.2500000000000007": 0.0,
    "1.3000000000000007": 0.0,
    "1.3500000000000008": 0.0,
    "1.4000000000000008": 0.0,
    "1.4500000000000008": 0.0,
    "1.5": 0.0,
    "1.5000000000000009": 0.0,
    "2.0": 1.0,
    "2.5": 1.0,
    "3.0": 1.0,
    "3.5": 1.0
  },
  "disc_curve": {
    "0.5": 0.0,
    "0.55": 0.0,
    "0.6000000000000001": 0.0,
    "0.6500000000000001": 0.0,
    "0.7000000000000002": 0.0,
    "0.7500000000000002": 0.0,
    "0.8000000000000003": 0.0,
    "0.8500000000000003": 0.0,
    "0.9000000000000004": 0.0,
    "0.9500000000000004": 0.0,
    "1.0000000000000004": 0.0,
    "1.0500000000000005": 0.0,
    "1.1000000000000005": 0.0,
    "1.1500000000000006": 0.0,
    "1.2000000000000006": 0.0,
    "1.2500000000000007": 0.0,
    "1.3000000000000007": 0.0,
    "1.3500000000000008": 0.0,
    "1.4000000000000008": 0.0,
    "1.4500000000000008": 0.0,
    "1.5": 1.0,
    "1.5000000000000009": 1.0,
    "2.0": 1.0,
    "2.5": 1.0,
    "3.0": 1.0,
    "3.5": 1.0
  },
  "matrix": {
    "cont_train_cont_test": 0.55,
    "cont_train_disc_test": 0.5714285714285714,
    "disc_train_cont_test": 0.56,
    "disc_train_disc_test": 0.5714285714285714,
    "fd_continuous": 0.55,
    "fd_discrete": 0.7142857142857143
  },
  "failure_region": [
    0.5,
    0.55,
    0.6000000000000001,
    0.6500000000000001,
    0.7000000000000002,
    0.7500000000000002,
    0.8000000000000003,
    0.8500000000000003,
    0.9000000000000004,
    0.9500000000000004,
    1.0000000000000004,
    1.0500000000000005,
    1.1000000000000005,
    1.1500000000000006,
    1.2000000000000006,
    1.2500000000000007,
    1.3000000000000007,
    1.3500000000000008,
    1.4000000000000008,
    1.4500000000000008
  ],
  "success_region": [
    1.5,
    1.5000000000000009,
    2.0,
    2.5,
    3.0,
    3.5
  ],
  "h3_dropout": {
    "dropout_0": {
      "fd": 1.0,
      "cont_obs": 0.8,
      "disc_obs": 0.8
    },
    "dropout_10": {
      "fd": 0.834,
      "cont_obs": 0.8,
      "disc_obs": 0.808
    },
    "dropout_20": {
      "fd": 0.8039999999999999,
      "cont_obs": 0.8,
      "disc_obs": 0.8019999999999999
    },
    "dropout_30": {
      "fd": 0.8,
      "cont_obs": 0.8,
      "disc_obs": 0.8
    },
    "dropout_40": {
      "fd": 0.8,
      "cont_obs": 0.8,
      "disc_obs": 0.8
    },
    "dropout_50": {
      "fd": 0.8,
      "cont_obs": 0.8,
      "disc_obs": 0.8
    }
  },
  "protocols": {
    "dt": 0.05,
    "horizon": 30,
    "tau": 0.3,
    "action_bounds": [
      -2.0,
      2.0
    ],
    "discrete_inits": [
      0.5,
      1.0,
      1.5,
      2.0,
      2.5,
      3.0,
      3.5
    ],
    "continuous_range": [
      0.5,
      3.5
    ]
  }
}