{
  "mppi": {
    "success_rate": 0.56,
    "miss_mean": 0.9287878745989541,
    "miss_std": 0.7357768678630613
  },
  "cem": {
    "success_rate": 0.56,
    "miss_mean": 0.8395847076695966,
    "miss_std": 0.5942561956420463
  }
}