{
  "results_by_proximity_bin": {
    "0-0.2": {
      "ess_frac_mean": 0.23757726168820578,
      "ess_frac_std": 0.2232330824355685,
      "w_max_mean": 0.3120619174690137,
      "J_std_mean": 3.637757964643622,
      "count": 4907.0
    },
    "0.2-0.4": {
      "ess_frac_mean": 0.6791748598652371,
      "ess_frac_std": 0.07488038814193675,
      "w_max_mean": 0.04092836681855644,
      "J_std_mean": 1.1449259700275551,
      "count": 27.0
    },
    "0.4-0.6": {
      "ess_frac_mean": 0.7048463356107728,
      "ess_frac_std": 0.03184599223052686,
      "w_max_mean": 0.03908731268055835,
      "J_std_mean": 1.0819419760929263,
      "count": 19.0
    },
    "0.6-0.8": {
      "ess_frac_mean": 0.7069198902395346,
      "ess_frac_std": 0.05001155894616472,
      "w_max_mean": 0.03587049046055117,
      "J_std_mean": 1.0623812636359407,
      "count": 12.0
    },
    "0.8-1.0": {
      "ess_frac_mean": 0.5702558915243126,
      "ess_frac_std": 0.13523180354250217,
      "w_max_mean": 0.05930854689601759,
      "J_std_mean": 1.4346855592699934,
      "count": 35.0
    }
  },
  "overall": {
    "ess_frac_mean": 0.24519268391664345,
    "ess_frac_std": 0.22847847009938177,
    "w_max_mean": 0.3071283597784738,
    "J_std_mean": 3.592982160196168
  },
  "n_samples": 5000
}