{
  "results_by_proximity_bin": {
    "0-0.2": {
      "ess_frac_mean": 0.1543926614632477,
      "ess_frac_std": 0.15741800371964562,
      "w_max_mean": 0.35830686178253174,
      "J_std_mean": 3.6958378644225385,
      "count": 2800
    },
    "0.2-0.4": {
      "ess_frac_mean": 0.07404322246556917,
      "ess_frac_std": 0.054400689536522315,
      "w_max_mean": 0.4732493383281766,
      "J_std_mean": 4.3422183808719215,
      "count": 1140
    },
    "0.4-0.6": {
      "ess_frac_mean": 0.08837333075155167,
      "ess_frac_std": 0.06279447022179611,
      "w_max_mean": 0.4342328142024949,
      "J_std_mean": 3.7140594869967063,
      "count": 538
    },
    "0.6-0.8": {
      "ess_frac_mean": 0.11972658447792976,
      "ess_frac_std": 0.09191328134471366,
      "w_max_mean": 0.3758157877382311,
      "J_std_mean": 3.1446045544714183,
      "count": 256
    },
    "0.8-1.0": {
      "ess_frac_mean": 0.1509096624391437,
      "ess_frac_std": 0.13890705798117006,
      "w_max_mean": 0.3669548140617106,
      "J_std_mean": 2.919378763553415,
      "count": 266
    }
  },
  "overall": {
    "ess_frac_mean": 0.12700911069746787,
    "w_max_mean": 0.3940399069855109
  }
}