{
  "10": {
    "success_rate": 0.565,
    "miss_mean": 0.8657384373464594,
    "miss_median": 0.2562393382065937,
    "miss_std": 0.813035586540641,
    "avg_steps": 6.59
  },
  "20": {
    "success_rate": 0.565,
    "miss_mean": 0.740046092134622,
    "miss_median": 0.2542786813668456,
    "miss_std": 0.7129680158509376,
    "avg_steps": 10.94
  },
  "30": {
    "success_rate": 0.565,
    "miss_mean": 0.836956661871366,
    "miss_median": 0.2560284548428349,
    "miss_std": 0.7889754120315873,
    "avg_steps": 15.29
  },
  "50": {
    "success_rate": 0.565,
    "miss_mean": 0.8506104428831839,
    "miss_median": 0.2558957228663843,
    "miss_std": 0.8020070162692737,
    "avg_steps": 15.29
  },
  "100": {
    "success_rate": 0.565,
    "miss_mean": 0.8655297291309644,
    "miss_median": 0.2547376186903074,
    "miss_std": 0.818204055840757,
    "avg_steps": 15.29
  }
}