{
  "N64_T0.1": {
    "n_samples": 64,
    "temperature": 0.1,
    "success_rate": 0.56,
    "miss_mean": 0.914928615304874,
    "miss_std": 0.6951604959885472
  },
  "N64_T0.5": {
    "n_samples": 64,
    "temperature": 0.5,
    "success_rate": 0.56,
    "miss_mean": 0.8947088158719231,
    "miss_std": 0.7017695896729192
  },
  "N64_T1.0": {
    "n_samples": 64,
    "temperature": 1.0,
    "success_rate": 0.56,
    "miss_mean": 0.9249300488329816,
    "miss_std": 0.733572626899447
  },
  "N64_T2.0": {
    "n_samples": 64,
    "temperature": 2.0,
    "success_rate": 0.56,
    "miss_mean": 0.9751445412528418,
    "miss_std": 0.7701165459671891
  },
  "N64_T5.0": {
    "n_samples": 64,
    "temperature": 5.0,
    "success_rate": 0.56,
    "miss_mean": 1.0552317505853386,
    "miss_std": 0.6966926124810743
  },
  "N256_T0.1": {
    "n_samples": 256,
    "temperature": 0.1,
    "success_rate": 0.56,
    "miss_mean": 0.8526729746672261,
    "miss_std": 0.6617717760679068
  },
  "N256_T0.5": {
    "n_samples": 256,
    "temperature": 0.5,
    "success_rate": 0.56,
    "miss_mean": 0.8635207995342639,
    "miss_std": 0.6821937957739153
  },
  "N256_T1.0": {
    "n_samples": 256,
    "temperature": 1.0,
    "success_rate": 0.56,
    "miss_mean": 0.9054792176397511,
    "miss_std": 0.709146515860475
  },
  "N256_T2.0": {
    "n_samples": 256,
    "temperature": 2.0,
    "success_rate": 0.56,
    "miss_mean": 0.9796370097176773,
    "miss_std": 0.7762938732937946
  },
  "N256_T5.0": {
    "n_samples": 256,
    "temperature": 5.0,
    "success_rate": 0.56,
    "miss_mean": 1.0580521107752636,
    "miss_std": 0.7079368758753524
  },
  "N1024_T0.1": {
    "n_samples": 1024,
    "temperature": 0.1,
    "success_rate": 0.56,
    "miss_mean": 0.8331398004052077,
    "miss_std": 0.648362369923717
  },
  "N1024_T0.5": {
    "n_samples": 1024,
    "temperature": 0.5,
    "success_rate": 0.56,
    "miss_mean": 0.8381744262244795,
    "miss_std": 0.659635553196982
  },
  "N1024_T1.0": {
    "n_samples": 1024,
    "temperature": 1.0,
    "success_rate": 0.56,
    "miss_mean": 0.8966654979373816,
    "miss_std": 0.7109179652167268
  },
  "N1024_T2.0": {
    "n_samples": 1024,
    "temperature": 2.0,
    "success_rate": 0.56,
    "miss_mean": 0.98078897819371,
    "miss_std": 0.7804438819755657
  },
  "N1024_T5.0": {
    "n_samples": 1024,
    "temperature": 5.0,
    "success_rate": 0.56,
    "miss_mean": 1.0685204927936167,
    "miss_std": 0.7041725890230008
  }
}