{
  "v1_miss_distance": {
    "N64_T0.1": {
      "success_rate": 0.16,
      "miss_mean": 1.117542196030422,
      "miss_median": 1.387561584726126,
      "miss_std": 0.6423533260354737,
      "within_1tau": 0.16,
      "within_2tau": 0.31,
      "within_3tau": 0.41
    },
    "N64_T1.0": {
      "success_rate": 0.21,
      "miss_mean": 1.1102104249868507,
      "miss_median": 1.1961671235915419,
      "miss_std": 0.6454362127333161,
      "within_1tau": 0.21,
      "within_2tau": 0.21,
      "within_3tau": 0.32
    },
    "N64_T5.0": {
      "success_rate": 0.14,
      "miss_mean": 1.1790772224159882,
      "miss_median": 1.2271394280593557,
      "miss_std": 0.6178061866446161,
      "within_1tau": 0.14,
      "within_2tau": 0.15,
      "within_3tau": 0.37
    },
    "N256_T0.1": {
      "success_rate": 0.12,
      "miss_mean": 1.13230824597902,
      "miss_median": 1.2741760480558892,
      "miss_std": 0.6241772894129172,
      "within_1tau": 0.12,
      "within_2tau": 0.3,
      "within_3tau": 0.42
    },
    "N256_T1.0": {
      "success_rate": 0.2,
      "miss_mean": 1.1116239746418832,
      "miss_median": 1.2002558142058009,
      "miss_std": 0.6315502928090735,
      "within_1tau": 0.2,
      "within_2tau": 0.2,
      "within_3tau": 0.33
    },
    "N256_T5.0": {
      "success_rate": 0.14,
      "miss_mean": 1.185554748778956,
      "miss_median": 1.2234230402979784,
      "miss_std": 0.6192946092171953,
      "within_1tau": 0.14,
      "within_2tau": 0.14,
      "within_3tau": 0.42
    },
    "N1024_T0.1": {
      "success_rate": 0.16,
      "miss_mean": 1.0977698275240797,
      "miss_median": 1.0180363268378798,
      "miss_std": 0.6214861702630478,
      "within_1tau": 0.16,
      "within_2tau": 0.28,
      "within_3tau": 0.45
    },
    "N1024_T1.0": {
      "success_rate": 0.16,
      "miss_mean": 1.1346062186352501,
      "miss_median": 1.2033385249897461,
      "miss_std": 0.6061951122773713,
      "within_1tau": 0.16,
      "within_2tau": 0.16,
      "within_3tau": 0.33
    },
    "N1024_T5.0": {
      "success_rate": 0.14,
      "miss_mean": 1.187500501750986,
      "miss_median": 1.2294149159785819,
      "miss_std": 0.6236870298154423,
      "within_1tau": 0.14,
      "within_2tau": 0.14,
      "within_3tau": 0.42
    }
  },
  "v2_tau_sweep": {
    "0.1": {
      "N64_T0.1": 0.07,
      "N64_T1.0": 0.16,
      "N64_T5.0": 0.1,
      "N1024_T1.0": 0.16
    },
    "0.2": {
      "N64_T0.1": 0.14,
      "N64_T1.0": 0.21,
      "N64_T5.0": 0.14,
      "N1024_T1.0": 0.16
    },
    "0.3": {
      "N64_T0.1": 0.16,
      "N64_T1.0": 0.21,
      "N64_T5.0": 0.14,
      "N1024_T1.0": 0.16
    },
    "0.5": {
      "N64_T0.1": 0.24,
      "N64_T1.0": 0.21,
      "N64_T5.0": 0.14,
      "N1024_T1.0": 0.16
    },
    "0.8": {
      "N64_T0.1": 0.33,
      "N64_T1.0": 0.28,
      "N64_T5.0": 0.28,
      "N1024_T1.0": 0.28
    }
  },
  "v3_best_of_k": {
    "1000": {
      "success_rate": 0.42,
      "miss_mean": 0.7656695808935392,
      "miss_median": 0.7087017396637693
    },
    "5000": {
      "success_rate": 0.42,
      "miss_mean": 0.7369755143911987,
      "miss_median": 0.6083079743787386
    },
    "20000": {
      "success_rate": 0.42,
      "miss_mean": 0.7241343282754106,
      "miss_median": 0.5787924993366416
    }
  }
}